date,open,high,low,close,volume,amount,m1_prediction,m1_up,lab_dn,lab_up,isFP_DN,isFP_UP
2025-09-16 00:00:00,115349.71,115349.71,114945.01,115088.66,244.26086,28123238.6990935,,,,,,
2025-09-16 01:00:00,115088.66,115520.0,115008.69,115024.24,232.3498,26780434.9710867,,,,,,
2025-09-16 02:00:00,115024.24,115227.51,115024.23,115034.47,151.83383,17477426.8101756,,,,,,
2025-09-16 03:00:00,115034.48,115426.49,115034.44,115307.25,236.03187,27210571.5792693,,,,,,
2025-09-16 04:00:00,115307.26,115560.01,114930.0,115503.01,446.01382,51432919.6766715,,,,,,
2025-09-16 05:00:00,115503.02,115957.23,115454.3,115936.65,685.43114,79340742.5819343,,,,,,
2025-09-16 06:00:00,115936.65,116009.62,115591.57,115770.35,449.53079,52084399.2862441,,,,,,
2025-09-16 07:00:00,115770.36,115886.17,115724.41,115840.0,319.02367,36948547.0925883,,,,,,
2025-09-16 08:00:00,115839.99,115981.17,115526.5,115658.76,463.00777,53608872.3830909,,,,,,
2025-09-16 09:00:00,115658.76,115720.0,115443.65,115477.27,286.71309,33145658.765972,,,,,,
2025-09-16 10:00:00,115477.28,115590.49,115372.35,115372.46,292.6133,33787624.8413011,,,,,,
2025-09-16 11:00:00,115372.47,115431.52,115206.15,115287.83,303.19825,34966227.8298595,,,,,,
2025-09-16 12:00:00,115287.84,115460.2,115287.38,115439.36,296.84884,34253225.7321869,,,,,,
2025-09-16 13:00:00,115439.36,115558.06,114737.11,115200.0,1064.59506,122614907.6704964,,,,,,
2025-09-16 14:00:00,115200.0,115306.71,114811.0,115296.86,607.41382,69913882.1323022,,,,,,
2025-09-16 15:00:00,115296.86,115905.89,115010.66,115905.88,653.80057,75404431.0554416,,,,,,
2025-09-16 16:00:00,115905.88,116068.92,115608.28,116068.06,691.27604,80092227.3476458,,,,,,
2025-09-16 17:00:00,116068.05,116870.76,116056.99,116461.54,1252.39334,145931742.1792644,,,,,,
2025-09-16 18:00:00,116461.55,116776.66,116226.12,116418.86,486.09455,56648807.7126473,,,,,,
2025-09-16 19:00:00,116418.87,116820.0,116395.6,116800.12,525.61626,61296010.3419136,,,,,,
2025-09-16 20:00:00,116800.13,116908.83,116722.56,116839.47,367.21592,42901651.853089,,,,,,
2025-09-16 21:00:00,116839.47,116940.26,116584.45,116800.51,295.98351,34558249.1532842,,,,,,
2025-09-16 22:00:00,116800.51,116964.27,116694.73,116855.58,312.66858,36537269.8895105,,,,,,
2025-09-16 23:00:00,116855.58,116920.46,116632.0,116788.96,262.99472,30720217.931858,,,,,,
2025-09-17 00:00:00,116788.96,116832.0,116560.0,116560.01,269.7236,31468748.7645549,,,,,,
2025-09-17 01:00:00,116560.01,116768.0,116516.92,116662.25,267.74519,31227288.7787998,,,,,,
2025-09-17 02:00:00,116662.25,117077.16,116556.52,116686.43,742.4537,86758738.5605836,,,,,,
2025-09-17 03:00:00,116686.43,116758.83,116371.81,116372.04,377.8305,44036563.7061494,,,,,,
2025-09-17 04:00:00,116372.05,116480.01,116160.22,116313.49,262.15716,30489807.6611839,,,,,,
2025-09-17 05:00:00,116313.5,117214.0,116313.49,117108.3,894.88999,104514221.0172734,,,,,,
2025-09-17 06:00:00,117108.31,117286.73,116970.41,117234.27,770.01131,90177549.436854,,,,,,
2025-09-17 07:00:00,117234.28,117275.0,117125.78,117162.48,557.97471,65402912.2825787,,,,,,
2025-09-17 08:00:00,117162.48,117189.86,116683.99,116860.0,635.73334,74308455.7904759,,,,,,
2025-09-17 09:00:00,116860.01,116860.01,116548.88,116550.01,380.39506,44386083.5027581,,,,,,
2025-09-17 10:00:00,116550.01,116604.26,116267.44,116359.14,356.93808,41557332.6033079,,,,,,
2025-09-17 11:00:00,116359.14,116383.87,116253.27,116258.13,282.02162,32800761.9572452,,,,,,
2025-09-17 12:00:00,116258.12,116516.93,116096.41,116204.94,387.04674,45003609.263755,,,,,,
2025-09-17 13:00:00,116204.94,116330.75,115905.88,116107.19,664.85629,77205608.6779156,,,,,,
2025-09-17 14:00:00,116107.18,116240.0,115432.0,115606.61,1214.53614,140573642.1822756,,,,,,
2025-09-17 15:00:00,115606.62,115886.17,115527.48,115875.32,581.89144,67327430.5980052,,,,,,
2025-09-17 16:00:00,115875.33,115875.33,115386.21,115640.77,659.4146,76210618.6839004,,,,,,
2025-09-17 17:00:00,115640.76,116288.27,115500.0,115504.48,696.96558,80767905.5071013,,,,,,
2025-09-17 18:00:00,115504.49,116333.33,114720.81,115226.93,3427.38872,395906451.0396723,,,,,,
2025-09-17 19:00:00,115226.93,115989.2,115068.33,115652.02,955.04331,110428213.9482861,,,,,,
2025-09-17 20:00:00,115652.02,116140.2,115496.68,115621.47,455.26463,52732219.0553146,,,,,,
2025-09-17 21:00:00,115621.47,116120.0,115307.33,116038.39,336.05085,38911404.8745251,,,,,,
2025-09-17 22:00:00,116038.39,116823.72,116038.39,116559.69,741.17447,86245192.1893079,,,,,,
2025-09-17 23:00:00,116559.68,116990.68,116340.07,116447.59,836.73837,97642944.5399218,,,,,,
2025-09-18 00:00:00,116447.6,116470.52,116092.76,116350.65,442.99009,51518554.1719145,,,,,,
2025-09-18 01:00:00,116350.65,116869.46,116340.0,116634.84,440.77649,51404424.7913976,,,,,,
2025-09-18 02:00:00,116634.84,116959.96,116429.55,116950.47,318.2136,37137565.9656896,,,,,,
2025-09-18 03:00:00,116950.46,117896.0,116896.93,117581.66,1879.7006,220901850.1529643,,,,,,
2025-09-18 04:00:00,117581.67,117750.0,117219.5,117605.16,612.3817,71953719.8148844,,,,,,
2025-09-18 05:00:00,117605.16,117605.16,117176.1,117273.36,340.19852,39920601.5898801,,,,,,
2025-09-18 06:00:00,117273.37,117338.05,116888.02,117102.43,474.42047,55533801.826744,,,,,,
2025-09-18 07:00:00,117102.43,117208.0,117048.81,117086.01,362.6272,42477740.908109,,,,,,
2025-09-18 08:00:00,117086.01,117413.04,117010.59,117229.59,383.66591,44972839.0687463,,,,,,
2025-09-18 09:00:00,117229.58,117350.0,117107.57,117298.81,260.44715,30535599.9162776,,,,,,
2025-09-18 10:00:00,117298.82,117307.5,117078.72,117190.47,236.63641,27732211.5598279,,,,,,
2025-09-18 11:00:00,117190.48,117300.0,117013.77,117063.4,285.00282,33403616.622819,,,,,,
2025-09-18 12:00:00,117063.41,117279.0,116977.59,117124.69,249.62123,29243079.3203573,,,,,,
2025-09-18 13:00:00,117124.69,117655.55,117004.28,117432.04,647.0176,75932135.739433,,,,,,
2025-09-18 14:00:00,117432.04,117843.83,117400.54,117640.54,711.59459,83729091.9579246,,,,,,
2025-09-18 15:00:00,117640.54,117705.51,117322.41,117583.56,808.09852,94942160.0745494,,,,,,
2025-09-18 16:00:00,117583.56,117789.0,117500.01,117565.6,483.30991,56874993.407188,,,,,,
2025-09-18 17:00:00,117565.59,117765.59,117418.45,117579.93,479.43176,56371217.0310833,,,,,,
2025-09-18 18:00:00,117579.94,117900.0,117512.11,117822.97,474.53821,55896624.9464854,,,,,,
2025-09-18 19:00:00,117822.98,117822.98,117196.33,117450.21,391.34362,45973207.3956216,,,,,,
2025-09-18 20:00:00,117450.21,117657.17,117337.95,117521.14,192.47211,22620174.4585813,,,,,,
2025-09-18 21:00:00,117521.14,117521.14,117299.21,117299.21,187.11636,21965787.0541691,,,,,,
2025-09-18 22:00:00,117299.21,117334.8,117027.34,117061.02,345.51742,40494476.8069949,,,,,,
2025-09-18 23:00:00,117061.02,117172.21,116612.03,117073.53,650.11136,75977872.9048672,,,,,,
2025-09-19 00:00:00,117073.53,117427.7,117020.0,117424.2,328.86734,38557334.0955841,,,,,,
2025-09-19 01:00:00,117424.21,117459.99,117118.21,117241.32,268.6749,31511678.0616566,,,,,,
2025-09-19 02:00:00,117241.32,117285.99,117044.13,117112.8,395.51641,46324444.2625184,,,,,,
2025-09-19 03:00:00,117112.81,117291.01,116871.61,116977.58,333.32919,39008567.6131979,,,,,,
2025-09-19 04:00:00,116977.58,117100.0,116700.02,116990.65,377.41298,44114269.1006579,,,,,,
2025-09-19 05:00:00,116990.65,117010.0,116780.75,116894.83,306.31482,35806906.18857,,,,,,
2025-09-19 06:00:00,116894.83,116894.83,116633.86,116669.75,430.54942,50269840.7270178,,,,,,
2025-09-19 07:00:00,116669.76,116992.81,116665.0,116909.97,423.81384,49524395.0060825,,,,,,
2025-09-19 08:00:00,116909.98,117090.36,116882.47,116915.88,283.85786,33209364.9297422,,,,,,
2025-09-19 09:00:00,116915.88,116979.86,116488.0,116488.0,361.47256,42186188.0280012,,,,,,
2025-09-19 10:00:00,116488.0,116551.54,116434.23,116532.68,289.26548,33696959.2698548,,,,,,
2025-09-19 11:00:00,116532.68,116554.05,116300.0,116394.72,309.23241,35997718.577512,,,,,,
2025-09-19 12:00:00,116394.72,116529.08,116133.66,116162.45,488.73837,56822193.8421223,,,,,,
2025-09-19 13:00:00,116162.45,116465.35,116075.0,116284.64,435.12378,50577860.7025559,,,,,,
2025-09-19 14:00:00,116284.63,116479.11,115800.0,115899.99,846.39402,98288690.4738765,,,,,,
2025-09-19 15:00:00,115899.99,115952.95,115464.19,115884.03,887.61948,102689255.2087438,,,,,,
2025-09-19 16:00:00,115884.03,116136.0,115800.0,116088.68,355.37234,41210580.2956649,,,,,,
2025-09-19 17:00:00,116088.68,116093.18,115538.67,115542.73,360.56628,41729512.2944102,115290.22,0.0,0.0,1.0,1.0,
2025-09-19 18:00:00,115542.73,115644.73,115382.98,115407.49,388.78402,44895298.1552752,115293.72,1.0,0.0,1.0,,0.0
2025-09-19 19:00:00,115407.49,115479.45,115112.58,115125.12,308.93231,35616882.5094451,115294.84,1.0,0.0,1.0,,0.0
2025-09-19 20:00:00,115125.13,115445.23,115100.0,115342.57,338.84816,39071092.367803,117006.35,1.0,0.0,0.0,,1.0
2025-09-19 21:00:00,115342.56,115532.73,115306.07,115465.39,178.46294,20597568.0579261,117008.125,1.0,0.0,0.0,,1.0
2025-09-19 22:00:00,115465.39,115657.28,115465.39,115613.21,139.86142,16165884.3069503,117009.34,1.0,0.0,0.0,,1.0
2025-09-19 23:00:00,115613.21,115648.0,115448.01,115632.38,155.08032,17919917.3780702,117005.945,1.0,0.0,0.0,,1.0
2025-09-20 00:00:00,115632.39,115730.41,115548.92,115723.73,220.87363,25541621.6099609,117005.43,1.0,0.0,1.0,,0.0
2025-09-20 01:00:00,115723.72,115723.73,115610.84,115623.51,178.50409,20647554.5656759,117003.01,1.0,0.0,0.0,,1.0
2025-09-20 02:00:00,115623.5,115623.51,115444.0,115606.39,154.74621,17878123.4301187,117002.43,1.0,0.0,0.0,,1.0
2025-09-20 03:00:00,115606.4,115606.4,115408.47,115445.0,162.93905,18821200.7757097,117002.055,1.0,0.0,1.0,,0.0
2025-09-20 04:00:00,115445.0,115582.38,115409.08,115568.41,144.02474,16633922.5212489,117004.25,1.0,0.0,1.0,,0.0
2025-09-20 05:00:00,115568.41,115717.5,115512.63,115717.49,224.42562,25951046.8017736,117009.05,1.0,0.0,1.0,,0.0
2025-09-20 06:00:00,115717.49,115724.34,115625.85,115700.46,159.86607,18492467.3957562,117011.96,1.0,0.0,1.0,,0.0
2025-09-20 07:00:00,115700.47,115985.2,115683.47,115968.56,231.14483,26777634.7349628,117020.53,1.0,0.0,0.0,,1.0
2025-09-20 08:00:00,115968.56,115968.57,115700.01,115701.43,183.70782,21282598.1421463,117025.05,1.0,0.0,1.0,,0.0
2025-09-20 09:00:00,115701.43,115794.39,115664.11,115672.8,196.19831,22705232.3096874,117022.46,1.0,0.0,1.0,,0.0
2025-09-20 10:00:00,115672.8,115798.16,115672.79,115747.54,170.36368,19719590.9409911,117018.87,1.0,0.0,0.0,,1.0
2025-09-20 11:00:00,115747.54,115909.54,115747.54,115894.06,242.77605,28120629.5180236,117012.54,1.0,1.0,0.0,,1.0
2025-09-20 12:00:00,115894.05,115950.89,115804.47,115874.49,155.45643,18013025.618523,117006.47,1.0,1.0,0.0,,1.0
2025-09-20 13:00:00,115874.5,115951.96,115859.48,115915.8,123.96705,14368168.2677413,116996.59,1.0,1.0,0.0,,1.0
2025-09-20 14:00:00,115915.79,116036.0,115883.3,115970.36,209.62425,24305689.2122073,116986.9,1.0,1.0,0.0,,1.0
2025-09-20 15:00:00,115970.36,116121.81,115946.91,115986.69,347.86651,40367689.0365746,116977.82,1.0,1.0,0.0,,1.0
2025-09-20 16:00:00,115986.7,116057.24,115882.58,116027.94,226.24762,26240755.248662,116968.586,1.0,1.0,0.0,,1.0
2025-09-20 17:00:00,116027.95,116079.46,115817.28,115821.72,189.06923,21917689.9130673,116957.78,1.0,1.0,0.0,,1.0
2025-09-20 18:00:00,115821.73,115821.73,115700.0,115711.51,191.99051,22221824.6701967,116948.31,1.0,1.0,0.0,,1.0
2025-09-20 19:00:00,115711.51,115812.62,115698.08,115702.0,290.9007,33668791.478692,116937.6,1.0,0.0,0.0,,1.0
2025-09-20 20:00:00,115702.0,115789.57,115689.91,115721.1,163.21635,18891408.5089258,116926.82,1.0,0.0,0.0,,1.0
2025-09-20 21:00:00,115721.1,115944.7,115721.1,115786.31,200.3631,23208180.2855888,116920.3,1.0,1.0,0.0,,1.0
2025-09-20 22:00:00,115786.3,115796.54,115742.14,115776.06,169.22355,19590578.1243171,116914.29,1.0,0.0,0.0,,1.0
2025-09-20 23:00:00,115776.06,115776.06,115603.42,115685.63,137.43212,15898850.1311384,116898.414,1.0,0.0,0.0,,1.0
2025-09-21 00:00:00,115685.63,115732.94,115559.97,115660.01,204.93197,23699016.6774874,116880.836,1.0,0.0,1.0,,0.0
2025-09-21 01:00:00,115660.01,115660.01,115500.0,115500.0,193.04313,22308946.2413404,116862.3,1.0,0.0,1.0,,0.0
2025-09-21 02:00:00,115500.01,115700.0,115441.83,115690.76,321.18986,37116906.3517266,116849.24,1.0,0.0,0.0,,1.0
2025-09-21 03:00:00,115690.76,115723.43,115616.38,115669.41,199.89426,23119978.5977133,116839.414,1.0,1.0,0.0,,1.0
2025-09-21 04:00:00,115669.42,115669.42,115494.22,115494.23,121.47731,14036679.5482784,116829.77,1.0,0.0,0.0,,1.0
2025-09-21 05:00:00,115494.23,115663.49,115487.56,115663.48,237.18676,27406761.0894541,116823.13,1.0,0.0,0.0,,1.0
2025-09-21 06:00:00,115663.48,115787.39,115663.48,115687.2,201.84931,23363568.3081893,116817.34,1.0,0.0,0.0,,1.0
2025-09-21 07:00:00,115687.21,115815.98,115615.0,115815.97,246.42642,28510215.4129415,117666.75,1.0,1.0,0.0,,1.0
2025-09-21 08:00:00,115815.98,115819.06,115560.94,115629.6,182.84602,21147484.514988,116814.36,1.0,0.0,0.0,,1.0
2025-09-21 09:00:00,115629.6,115704.53,115329.03,115683.54,335.85586,38794618.6874215,117664.86,1.0,1.0,0.0,,1.0
2025-09-21 10:00:00,115683.53,115708.33,115504.13,115522.31,111.62025,12904013.9600062,116810.89,1.0,0.0,0.0,,1.0
2025-09-21 11:00:00,115522.31,115694.74,115522.31,115603.45,156.53082,18101484.9428118,117664.64,1.0,0.0,0.0,,1.0
2025-09-21 12:00:00,115603.45,115747.23,115603.44,115683.59,183.94971,21285038.0446364,116817.1,1.0,1.0,0.0,,1.0
2025-09-21 13:00:00,115683.59,115747.06,115645.2,115661.65,136.30562,15770206.6268581,117669.875,1.0,1.0,0.0,,1.0
2025-09-21 14:00:00,115661.65,115691.15,115500.0,115500.01,192.82816,22291872.8248005,117668.516,1.0,0.0,0.0,,1.0
2025-09-21 15:00:00,115500.0,115599.6,115473.19,115531.61,158.23691,18281684.9201023,117662.83,1.0,0.0,0.0,,1.0
2025-09-21 16:00:00,115531.62,115549.9,115209.02,115316.0,239.98829,27685086.3516913,116796.31,1.0,0.0,0.0,,1.0
2025-09-21 17:00:00,115316.01,115629.58,115249.94,115628.18,234.56593,27065997.6519555,117639.64,1.0,1.0,0.0,,1.0
2025-09-21 18:00:00,115628.19,115665.52,115513.98,115530.9,173.87321,20094406.0320107,116778.02,1.0,1.0,0.0,,1.0
2025-09-21 19:00:00,115530.89,115530.9,115318.02,115480.05,132.68903,15316599.8951856,117617.44,1.0,1.0,0.0,,1.0
2025-09-21 20:00:00,115480.05,115503.47,115307.51,115307.51,93.55507,10797691.411067,116746.8,1.0,1.0,0.0,,1.0
2025-09-21 21:00:00,115307.52,115434.53,115250.01,115405.48,101.3744,11691092.0722331,116722.51,1.0,1.0,0.0,,1.0
2025-09-21 22:00:00,115405.48,115545.43,115188.0,115538.9,154.30721,17800867.5816187,116699.45,1.0,1.0,0.0,,1.0
2025-09-21 23:00:00,115538.91,115538.91,115200.0,115232.29,196.99668,22709533.4058919,117528.33,1.0,1.0,0.0,,1.0
2025-09-22 00:00:00,115232.29,115379.25,114290.16,114407.28,1196.13685,137282592.0699749,117498.03,1.0,1.0,0.0,,1.0
2025-09-22 01:00:00,114407.28,114750.0,114250.98,114273.45,660.65043,75647190.1258146,117466.42,1.0,1.0,0.0,,1.0
2025-09-22 02:00:00,114273.44,114618.89,114150.0,114187.81,895.13507,102380826.5907734,116581.26,1.0,1.0,0.0,,1.0
2025-09-22 03:00:00,114187.8,114654.36,114187.8,114649.89,326.66818,37374145.3312142,117402.43,1.0,1.0,0.0,,1.0
2025-09-22 04:00:00,114649.89,114649.9,114397.32,114433.53,208.01066,23816481.7496539,117371.45,1.0,1.0,0.0,,1.0
2025-09-22 05:00:00,114433.53,114551.8,113623.0,113691.19,753.79586,86084230.7075343,117333.55,1.0,1.0,0.0,,1.0
2025-09-22 06:00:00,113691.18,113698.38,111800.0,112800.77,5199.12797,586251656.1677698,116435.05,1.0,0.0,1.0,,0.0
2025-09-22 07:00:00,112800.77,112999.0,112476.17,112519.99,1129.8684,127377912.8870488,117229.72,1.0,0.0,1.0,,0.0
2025-09-22 08:00:00,112520.0,112780.0,112452.0,112629.07,810.01414,91225046.9767791,117173.375,1.0,0.0,1.0,,0.0
2025-09-22 09:00:00,112629.06,112662.87,112173.52,112336.62,1219.89658,137027640.3057081,117114.4,1.0,0.0,1.0,,0.0
2025-09-22 10:00:00,112336.62,112848.33,112262.22,112792.16,523.20588,58875283.2744775,117060.75,1.0,1.0,0.0,,1.0
2025-09-22 11:00:00,112792.16,112976.02,112683.49,112876.97,499.11385,56316864.2639765,117007.87,1.0,1.0,0.0,,1.0
2025-09-22 12:00:00,112876.97,112876.97,112520.0,112738.65,504.05132,56785656.3665213,116103.24,1.0,1.0,0.0,,1.0
2025-09-22 13:00:00,112738.64,113148.29,112380.0,113130.63,813.72754,91779187.3833876,116902.15,1.0,1.0,0.0,,1.0
2025-09-22 14:00:00,113130.63,113432.76,112754.15,112933.16,1386.14648,156796730.5125574,116850.58,1.0,0.0,0.0,,1.0
2025-09-22 15:00:00,112933.16,113024.23,112576.42,112815.5,609.57711,68746776.7686642,116800.18,1.0,1.0,0.0,,1.0
2025-09-22 16:00:00,112815.5,112888.0,112585.87,112600.68,359.00005,40476483.1522448,116750.04,1.0,0.0,0.0,,1.0
2025-09-22 17:00:00,112600.69,112622.95,112250.89,112398.66,595.0948,66896401.7167371,116697.49,1.0,0.0,0.0,,1.0
2025-09-22 18:00:00,112398.65,112816.55,112345.54,112429.13,470.04903,52912790.7411297,115796.1,1.0,1.0,0.0,,1.0
2025-09-22 19:00:00,112429.12,112600.87,111936.4,112122.9,1307.37365,146776753.307886,116583.78,1.0,1.0,0.0,,1.0
2025-09-22 20:00:00,112122.9,112977.41,111975.28,112781.88,596.84005,67075083.9870225,115690.65,1.0,1.0,0.0,,1.0
2025-09-22 21:00:00,112781.87,112970.0,112602.79,112969.99,293.31156,33074925.4786085,115645.92,1.0,1.0,0.0,,1.0
2025-09-22 22:00:00,112969.99,112970.0,112594.33,112643.25,289.60715,32646911.0027458,116441.17,1.0,0.0,0.0,,1.0
2025-09-22 23:00:00,112643.25,112739.14,112592.2,112650.99,135.31095,15244940.8306451,116393.484,1.0,0.0,1.0,,0.0
2025-09-23 00:00:00,112650.99,112833.09,112385.23,112395.32,400.92095,45148915.2800005,115502.34,1.0,0.0,1.0,,0.0
2025-09-23 01:00:00,112395.32,112502.29,112138.88,112156.66,439.66589,49386019.7553833,116292.0,1.0,0.0,1.0,,0.0
2025-09-23 02:00:00,112156.66,112487.38,111674.0,111811.88,717.47413,80410237.8471528,115392.34,1.0,0.0,1.0,,0.0
2025-09-23 03:00:00,111811.88,112446.97,111478.0,112339.99,840.03485,94098697.1585608,116187.984,1.0,0.0,1.0,,0.0
2025-09-23 04:00:00,112339.99,112469.21,111876.15,112442.3,530.4818,59529168.1992302,115300.39,1.0,0.0,1.0,,0.0
2025-09-23 05:00:00,112442.29,112894.49,112413.01,112665.44,645.16259,72693728.579132,116100.086,1.0,0.0,1.0,,0.0
2025-09-23 06:00:00,112665.44,113111.89,112616.93,112974.96,574.99132,64927265.2697501,116064.25,1.0,0.0,0.0,,1.0
2025-09-23 07:00:00,112974.97,113114.01,112882.48,113090.13,754.18067,85218998.4135918,116028.34,1.0,1.0,0.0,,1.0
2025-09-23 08:00:00,113090.13,113177.72,112936.98,113133.84,657.66339,74371534.1201129,115997.234,1.0,1.0,0.0,,1.0
2025-09-23 09:00:00,113133.84,113281.5,112888.0,112934.47,430.99222,48743650.3713965,115964.086,1.0,0.0,0.0,,1.0
2025-09-23 10:00:00,112934.48,113006.56,112828.62,112969.32,382.87944,43233912.7504768,115929.02,1.0,1.0,0.0,,1.0
2025-09-23 11:00:00,112969.32,113081.35,112683.33,112975.99,343.04129,38719768.9438372,115900.164,1.0,1.0,0.0,,1.0
2025-09-23 12:00:00,112975.99,113049.9,112811.4,112941.02,342.98937,38738873.0541251,115872.445,1.0,1.0,0.0,,1.0
2025-09-23 13:00:00,112941.01,113024.31,112722.78,112952.31,426.02927,48090463.1063101,115848.02,1.0,1.0,0.0,,1.0
2025-09-23 14:00:00,112952.32,113290.5,112571.81,112652.91,713.09459,80499403.2208129,115817.78,1.0,1.0,0.0,,1.0
2025-09-23 15:00:00,112652.91,113072.89,112496.61,112882.19,466.71943,52664498.1462936,115788.74,1.0,1.0,0.0,,1.0
2025-09-23 16:00:00,112882.2,112958.58,112486.37,112823.63,531.06975,59859106.4615869,115757.4,1.0,1.0,0.0,,1.0
2025-09-23 17:00:00,112823.62,112823.62,111888.0,111957.76,587.62346,65978067.9467334,115716.08,1.0,0.0,1.0,,0.0
2025-09-23 18:00:00,111957.76,112200.0,111686.9,111780.1,710.40527,79512336.2631182,115671.74,1.0,0.0,1.0,,0.0
2025-09-23 19:00:00,111780.09,111979.27,111540.2,111655.29,565.08344,63141994.0471009,115627.13,1.0,0.0,1.0,,0.0
2025-09-23 20:00:00,111655.29,111994.99,111458.73,111985.77,495.90964,55417986.1934124,115586.445,1.0,1.0,0.0,,1.0
2025-09-23 21:00:00,111985.78,112202.24,111893.44,112161.54,270.56814,30314187.1071843,115549.52,1.0,0.0,0.0,,1.0
2025-09-23 22:00:00,112161.53,112213.95,112002.16,112159.23,231.71626,25984150.8619434,115511.19,1.0,0.0,1.0,,0.0
2025-09-23 23:00:00,112159.24,112220.54,111879.73,111998.8,242.62314,27186837.176457,115469.4,1.0,0.0,1.0,,0.0
2025-09-24 00:00:00,111998.8,112380.0,111816.86,112230.72,457.37128,51293186.059347,115430.39,1.0,0.0,1.0,,0.0
2025-09-24 01:00:00,112230.73,112500.0,112140.0,112451.26,263.95045,29657323.7146537,115390.86,1.0,0.0,1.0,,0.0
2025-09-24 02:00:00,112451.25,112500.0,111896.43,112111.62,1045.64078,117252413.6710988,116186.37,1.0,0.0,1.0,,0.0
2025-09-24 03:00:00,112111.62,112223.15,111683.09,111683.09,1081.07058,121028792.3379697,116141.19,1.0,0.0,1.0,,0.0
2025-09-24 04:00:00,111683.1,112374.32,111042.66,112161.93,1377.98323,153932910.2615616,115265.336,1.0,0.0,1.0,,0.0
2025-09-24 05:00:00,112161.94,112666.74,112133.83,112636.84,480.95742,54069714.0978348,115228.7,1.0,0.0,1.0,,0.0
2025-09-24 06:00:00,112636.85,112779.37,112535.78,112596.69,508.56699,57286436.1025421,115191.87,1.0,0.0,1.0,,0.0
2025-09-24 07:00:00,112596.7,112742.06,112459.44,112583.54,538.1822,60589096.2365007,115154.414,1.0,0.0,1.0,,0.0
2025-09-24 08:00:00,112583.54,112636.85,112405.62,112622.8,369.32812,41557041.7300714,115950.95,1.0,0.0,1.0,,0.0
2025-09-24 09:00:00,112622.81,112837.42,112501.38,112735.06,247.34844,27865163.8149905,115914.15,1.0,0.0,1.0,,0.0
2025-09-24 10:00:00,112735.05,112960.0,112668.51,112941.98,402.84076,45447073.8896696,115879.2,1.0,0.0,1.0,,0.0
2025-09-24 11:00:00,112941.99,113162.17,112877.3,113029.46,548.21142,61964402.0273983,115847.586,1.0,0.0,1.0,,0.0
2025-09-24 12:00:00,113029.45,113097.99,112944.0,113070.69,272.77737,30830389.2363054,115817.69,1.0,0.0,1.0,,0.0
2025-09-24 13:00:00,113070.69,113222.69,112808.0,112823.62,578.33959,65383456.3637995,115785.08,1.0,0.0,1.0,,0.0
2025-09-24 14:00:00,112823.62,113890.0,112823.61,113720.64,966.18934,109548745.7845445,115762.44,1.0,1.0,0.0,,1.0
2025-09-24 15:00:00,113720.64,113883.68,113257.01,113346.41,717.74437,81540721.4201377,114902.19,1.0,0.0,0.0,,1.0
2025-09-24 16:00:00,113346.4,113753.0,113163.21,113732.01,447.67953,50806995.5971774,115711.67,1.0,1.0,0.0,,1.0
2025-09-24 17:00:00,113732.01,113940.0,113616.0,113761.3,361.88913,41184261.9172111,115689.875,1.0,1.0,0.0,,1.0
2025-09-24 18:00:00,113761.31,113830.66,113512.53,113639.8,202.61449,23023393.9846779,115667.0,1.0,1.0,0.0,,1.0
2025-09-24 19:00:00,113639.8,113682.46,113292.25,113420.01,306.5127,34780422.4122778,115643.45,1.0,1.0,0.0,,1.0
2025-09-24 20:00:00,113420.0,113609.25,113401.99,113501.52,233.37909,26493593.1639136,115618.66,1.0,1.0,0.0,,1.0
2025-09-24 21:00:00,113501.52,113584.02,113283.99,113339.63,274.44453,31142724.2539136,113929.086,1.0,1.0,0.0,,1.0
2025-09-24 22:00:00,113339.63,113647.58,113250.59,113336.33,268.57434,30469844.3042884,115567.85,1.0,1.0,0.0,,1.0
2025-09-24 23:00:00,113336.34,113429.12,113204.71,113307.0,417.66352,47322526.1206969,115541.17,1.0,1.0,0.0,,1.0
2025-09-25 00:00:00,113307.01,113510.23,112960.0,113062.35,567.08586,64199428.4875513,115511.45,1.0,1.0,0.0,,1.0
2025-09-25 01:00:00,113062.35,113369.98,112446.15,112661.24,1139.29698,128547834.1986418,114644.96,1.0,1.0,0.0,,1.0
2025-09-25 02:00:00,112661.24,113179.94,112510.06,112907.38,569.88139,64278822.1501474,113783.82,1.0,1.0,0.0,,1.0
2025-09-25 03:00:00,112907.38,112907.39,112214.74,112546.21,773.34995,86979490.9793409,113748.81,1.0,1.0,0.0,,1.0
2025-09-25 04:00:00,112546.22,112614.43,111584.23,111735.66,1337.55309,149679822.2703881,112046.62,1.0,1.0,0.0,,1.0
2025-09-25 05:00:00,111735.67,112040.0,111597.86,111749.91,705.54263,78891271.3282923,112004.234,1.0,1.0,0.0,,1.0
2025-09-25 06:00:00,111749.91,111843.3,111515.87,111533.26,371.96659,41538883.1462405,113617.22,1.0,1.0,0.0,,1.0
2025-09-25 07:00:00,111533.26,111883.23,111450.42,111766.72,515.14719,57553165.2619106,114402.77,1.0,1.0,0.0,,1.0
2025-09-25 08:00:00,111766.73,112031.18,111689.38,111727.21,537.9101,60173434.6902335,115189.04,1.0,1.0,0.0,,1.0
2025-09-25 09:00:00,111727.2,112246.46,111571.57,111571.58,771.79377,86351237.9523679,114315.84,1.0,1.0,0.0,,1.0
2025-09-25 10:00:00,111571.58,111854.12,111525.81,111648.19,434.41742,48516363.96973,111790.38,1.0,1.0,0.0,,1.0
2025-09-25 11:00:00,111648.19,111728.48,111283.63,111348.0,543.64106,60605343.784368,111743.305,1.0,1.0,0.0,,1.0
2025-09-25 12:00:00,111347.99,111656.81,111020.0,111111.0,1058.2697,117864325.8399396,113349.445,1.0,1.0,0.0,,1.0
2025-09-25 13:00:00,111111.01,111719.05,110629.99,111000.0,2220.16862,246933377.5207138,113299.445,1.0,1.0,0.0,,1.0
2025-09-25 14:00:00,111000.0,111729.52,110983.03,111540.0,856.73547,95507631.2741913,114084.086,1.0,1.0,0.0,,1.0
2025-09-25 15:00:00,111540.01,111587.75,110868.9,111580.77,599.58449,66702992.254687,114041.086,1.0,1.0,0.0,,1.0
2025-09-25 16:00:00,111580.77,111672.58,110904.91,110957.29,585.10481,65087014.3454948,113163.586,1.0,1.0,0.0,,1.0
2025-09-25 17:00:00,110957.28,110968.4,108654.0,108833.63,2899.70308,318389326.9872462,113917.67,1.0,0.0,1.0,,0.0
2025-09-25 18:00:00,108833.63,109801.78,108631.51,109760.2,1427.42291,155925760.2157685,113040.33,1.0,0.0,0.0,,1.0
2025-09-25 19:00:00,109760.2,109973.4,109302.54,109360.0,1217.19366,133573057.7240564,111336.05,1.0,0.0,1.0,,0.0
2025-09-25 20:00:00,109360.0,109482.62,109057.06,109163.44,424.7182,46414047.742173,112929.414,1.0,0.0,1.0,,0.0
2025-09-25 21:00:00,109163.45,109666.3,109074.11,109420.0,347.85454,38040066.7022354,112871.05,1.0,0.0,0.0,,1.0
2025-09-25 22:00:00,109420.0,109587.99,109261.02,109419.97,280.53982,30695908.7380652,112815.086,1.0,1.0,0.0,,1.0
2025-09-25 23:00:00,109419.97,109685.72,108765.0,108994.49,1046.26824,114191082.3614311,112762.69,1.0,0.0,1.0,,0.0
2025-09-26 00:00:00,108994.49,109614.67,108809.24,109472.13,868.75424,94872291.8281455,112725.52,1.0,1.0,0.0,,1.0
2025-09-26 01:00:00,109472.12,109762.59,109313.17,109680.4,452.15578,49554078.0428668,112693.836,1.0,1.0,0.0,,1.0
2025-09-26 02:00:00,109680.39,109798.84,109487.26,109621.7,497.29551,54538185.3904713,112660.27,1.0,0.0,0.0,,1.0
2025-09-26 03:00:00,109621.7,109635.8,109293.25,109580.01,504.99021,55280883.4232239,110985.28,1.0,1.0,0.0,,1.0
2025-09-26 04:00:00,109580.0,109625.94,109250.87,109338.01,315.34456,34506708.3104968,112590.97,1.0,1.0,0.0,,1.0
2025-09-26 05:00:00,109338.02,109579.99,109085.78,109252.79,371.75832,40642935.0841142,112550.52,1.0,0.0,1.0,,0.0
2025-09-26 06:00:00,109252.79,109624.16,109016.0,109360.0,592.34105,64787436.3497764,113334.07,1.0,0.0,1.0,,0.0
2025-09-26 07:00:00,109360.0,109593.49,108913.0,109320.02,1776.45411,193859131.1065156,113291.234,1.0,1.0,0.0,,1.0
2025-09-26 08:00:00,109320.02,109607.5,109304.72,109567.2,575.78415,63042786.6775313,113253.39,1.0,1.0,0.0,,1.0
2025-09-26 09:00:00,109567.2,109690.98,109393.37,109568.72,441.33309,48347437.4972465,113216.89,1.0,0.0,0.0,,1.0
2025-09-26 10:00:00,109568.72,109568.72,108697.42,108895.0,735.10273,80128331.5113057,113175.24,1.0,0.0,1.0,,0.0
2025-09-26 11:00:00,108894.99,109200.0,108620.07,109133.5,923.24217,100461566.1837135,113138.53,1.0,0.0,1.0,,0.0
2025-09-26 12:00:00,109133.5,109579.0,108824.82,109372.68,863.36244,94286123.4549977,112284.59,1.0,1.0,0.0,,1.0
2025-09-26 13:00:00,109372.68,109779.73,109000.0,109669.73,991.99403,108614448.3869699,113076.61,1.0,1.0,0.0,,1.0
2025-09-26 14:00:00,109669.72,109779.73,108764.76,108836.0,900.4525,98239967.4308491,113032.25,1.0,0.0,1.0,,0.0
2025-09-26 15:00:00,108836.0,109358.5,108802.04,109027.78,486.11543,53029215.6554773,112987.93,1.0,0.0,1.0,,0.0
2025-09-26 16:00:00,109027.79,109618.0,109027.78,109460.01,291.37899,31866540.3352495,112952.14,1.0,0.0,1.0,,0.0
2025-09-26 17:00:00,109460.0,110000.0,109392.35,109899.99,627.01224,68830180.5622268,112921.22,1.0,1.0,0.0,,1.0
2025-09-26 18:00:00,109900.0,110300.0,109700.0,109727.99,571.22129,62842424.6565727,112891.24,1.0,1.0,0.0,,1.0
2025-09-26 19:00:00,109727.99,109727.99,109030.41,109172.2,603.81607,66027425.155596,112857.695,1.0,0.0,1.0,,0.0
2025-09-26 20:00:00,109172.21,109347.59,109087.57,109288.44,245.23004,26782190.036354,112829.305,1.0,0.0,1.0,,0.0
2025-09-26 21:00:00,109288.45,109530.0,109189.17,109469.07,210.90009,23065101.2496663,112797.05,1.0,0.0,1.0,,0.0
2025-09-26 22:00:00,109469.07,109607.38,109348.0,109558.25,183.31873,20074983.8178264,112764.625,1.0,0.0,0.0,,1.0
2025-09-26 23:00:00,109558.24,109687.69,109432.07,109643.46,213.65814,23418543.7920664,112730.65,1.0,0.0,0.0,,1.0
2025-09-27 00:00:00,109643.46,109660.88,109472.23,109649.29,268.55384,29425269.7233261,112693.266,1.0,1.0,0.0,,1.0
2025-09-27 01:00:00,109649.29,109657.45,109330.08,109431.92,230.21003,25202561.6759499,112652.14,1.0,1.0,0.0,,1.0
2025-09-27 02:00:00,109431.92,109482.64,109324.42,109408.18,280.63961,30704083.4543538,112610.266,1.0,1.0,0.0,,1.0
2025-09-27 03:00:00,109408.18,109743.91,109384.63,109553.77,262.25571,28739548.3604162,113388.0,1.0,1.0,0.0,,1.0
2025-09-27 04:00:00,109553.77,109742.27,109514.63,109654.99,248.07725,27191908.1587622,111719.516,1.0,1.0,0.0,,1.0
2025-09-27 05:00:00,109654.99,109684.29,109593.65,109635.72,128.97939,14141068.6343024,112497.45,1.0,1.0,0.0,,1.0
2025-09-27 06:00:00,109635.73,109635.73,109481.44,109541.36,241.06138,26405051.0724417,112459.234,1.0,1.0,0.0,,1.0
2025-09-27 07:00:00,109541.36,109570.36,109332.02,109411.2,290.72314,31823582.9354771,112419.44,1.0,1.0,0.0,,1.0
2025-09-27 08:00:00,109411.19,109411.2,109252.0,109252.01,379.23249,41452720.0011159,112381.19,1.0,0.0,1.0,,0.0
2025-09-27 09:00:00,109252.01,109347.59,109064.4,109292.73,409.97831,44768382.0788167,112340.84,1.0,0.0,0.0,,1.0
2025-09-27 10:00:00,109292.74,109477.69,109256.07,109431.7,322.59239,35278044.4081068,113116.5,1.0,0.0,0.0,,1.0
2025-09-27 11:00:00,109431.71,109440.65,109280.0,109310.21,244.4871,26730503.0737235,113086.52,1.0,0.0,1.0,,0.0
2025-09-27 12:00:00,109310.22,109477.59,109227.14,109400.05,336.07633,36746257.5683361,111432.82,1.0,0.0,0.0,,1.0
2025-09-27 13:00:00,109400.06,109412.14,109299.64,109306.61,336.77227,36825559.6028026,112219.79,1.0,0.0,0.0,,1.0
2025-09-27 14:00:00,109306.61,109387.51,109255.9,109287.89,273.62629,29909817.5381171,112189.46,1.0,0.0,1.0,,0.0
2025-09-27 15:00:00,109287.89,109427.4,109193.0,109402.24,204.90854,22394142.3558389,112158.45,1.0,0.0,1.0,,0.0
2025-09-27 16:00:00,109402.25,109427.76,109308.0,109389.04,176.55452,19309853.8801178,112939.82,1.0,0.0,1.0,,0.0
2025-09-27 17:00:00,109389.05,109410.0,109243.89,109382.47,183.15972,20024506.1963279,109660.99,1.0,0.0,1.0,,0.0
2025-09-27 18:00:00,109382.48,109434.99,109345.11,109434.96,154.7658,16931995.8067533,109630.234,1.0,0.0,0.0,,1.0
2025-09-27 19:00:00,109434.96,109440.0,109383.48,109424.2,76.33855,8353088.8154334,109596.945,1.0,0.0,0.0,,1.0
2025-09-27 20:00:00,109424.21,109435.0,109362.72,109390.0,60.18528,6583966.1813729,109567.03,1.0,0.0,0.0,,1.0
2025-09-27 21:00:00,109390.0,109483.55,109389.47,109474.99,119.69499,13097478.1662718,109542.74,1.0,0.0,0.0,,1.0
2025-09-27 22:00:00,109474.98,109699.98,109474.98,109605.62,175.35372,19218258.5752843,109514.63,0.0,1.0,0.0,,
2025-09-27 23:00:00,109605.63,109683.16,109461.53,109635.85,97.55978,10689940.7336281,109481.625,1.0,1.0,0.0,,1.0
2025-09-28 00:00:00,109635.85,109787.75,109548.0,109607.81,283.02575,31032199.2083132,109448.74,0.0,0.0,0.0,1.0,
2025-09-28 01:00:00,109607.81,109654.85,109325.05,109353.67,221.5149,24253193.576593,109413.234,0.0,0.0,1.0,,
2025-09-28 02:00:00,109353.68,109535.0,109353.67,109447.55,194.54739,21290082.5837857,109378.32,0.0,0.0,0.0,,
2025-09-28 03:00:00,109447.54,109535.0,109409.17,109436.0,123.06023,13469238.5014706,109342.04,0.0,0.0,0.0,,
2025-09-28 04:00:00,109436.0,109486.1,109365.88,109365.9,99.29239,10863025.3974345,109302.71,1.0,0.0,0.0,,1.0
2025-09-28 05:00:00,109365.9,109398.0,109356.42,109356.43,124.07352,13569821.1840847,109262.33,0.0,0.0,0.0,,
2025-09-28 06:00:00,109356.44,109455.97,109260.0,109410.0,167.02015,18267054.6130081,109222.06,0.0,0.0,1.0,1.0,
2025-09-28 07:00:00,109410.0,109537.8,109350.0,109513.06,178.6647,19557145.1028678,109185.65,1.0,0.0,1.0,,0.0
2025-09-28 08:00:00,109513.06,109585.39,109423.21,109509.91,216.27847,23686050.1800992,109139.35,0.0,0.0,1.0,1.0,
2025-09-28 09:00:00,109509.91,109559.89,109323.88,109519.42,209.63846,22949444.3977455,111521.64,1.0,0.0,1.0,,0.0
2025-09-28 10:00:00,109519.43,109519.43,109368.43,109368.44,143.70537,15724598.2662885,110664.82,1.0,0.0,1.0,,0.0
2025-09-28 11:00:00,109368.43,109447.28,109250.0,109369.02,293.31231,32060196.2022003,109000.984,0.0,0.0,1.0,1.0,
2025-09-28 12:00:00,109369.02,109451.04,109189.99,109314.99,308.15163,33693656.484878,110567.53,1.0,0.0,1.0,,0.0
2025-09-28 13:00:00,109314.99,109668.98,109314.98,109639.0,332.00919,36361471.2533604,111332.09,1.0,0.0,1.0,,0.0
2025-09-28 14:00:00,109639.0,109888.0,109502.56,109850.01,370.11862,40598576.7884343,110484.586,1.0,0.0,1.0,,0.0
2025-09-28 15:00:00,109850.0,110037.93,109712.23,110037.93,338.92347,37245236.8623911,111253.93,1.0,0.0,1.0,,0.0
2025-09-28 16:00:00,110037.92,110393.63,110008.54,110222.02,516.23853,56882280.5067662,112024.85,1.0,0.0,1.0,,0.0
2025-09-28 17:00:00,110222.01,110377.05,110130.26,110203.52,374.79675,41327486.5243928,111184.016,1.0,0.0,1.0,,0.0
2025-09-28 18:00:00,110203.53,110293.56,110060.88,110293.56,140.49771,15479169.2588833,110347.45,1.0,0.0,1.0,,0.0
2025-09-28 19:00:00,110293.56,110388.46,110119.71,110337.6,184.24395,20321288.8701972,111932.055,1.0,0.0,1.0,,0.0
2025-09-28 20:00:00,110337.61,110945.0,110294.78,110803.8,510.0654,56475071.3796461,110298.055,1.0,0.0,1.0,,0.0
2025-09-28 21:00:00,110803.8,110896.33,110640.81,110833.99,275.55071,30524908.887108,111083.9,1.0,0.0,1.0,,0.0
2025-09-28 22:00:00,110833.99,112014.0,110833.99,111938.51,1130.21918,126085910.2830915,110281.2,0.0,1.0,0.0,0.0,
2025-09-28 23:00:00,111938.51,112350.0,111938.51,112163.95,807.38282,90537838.0072953,111090.83,0.0,1.0,0.0,0.0,
2025-09-29 00:00:00,112163.96,112309.98,111985.0,112260.57,716.5866,80360974.6775537,110293.93,0.0,1.0,0.0,0.0,
2025-09-29 01:00:00,112260.57,112310.0,111721.79,111855.3,649.21896,72722487.5624679,110294.94,0.0,0.0,1.0,1.0,
2025-09-29 02:00:00,111855.3,112022.27,111632.72,111750.02,621.54504,69488405.5887079,111100.26,1.0,0.0,1.0,,0.0
2025-09-29 03:00:00,111750.02,111857.51,111588.07,111857.51,310.12302,34642670.1962474,111103.47,0.0,0.0,1.0,,
2025-09-29 04:00:00,111857.51,111904.34,111750.0,111812.0,278.79762,31179410.7919389,110300.195,0.0,0.0,1.0,1.0,
2025-09-29 05:00:00,111812.01,111812.01,111575.38,111753.34,348.73721,38944552.5537265,111915.01,1.0,0.0,1.0,,0.0
2025-09-29 06:00:00,111753.34,111850.0,111624.0,111632.83,334.53443,37381242.4628273,110310.54,1.0,0.0,1.0,,0.0
2025-09-29 07:00:00,111632.83,111865.96,111560.65,111865.95,869.2909,97087252.8191468,110320.21,0.0,0.0,1.0,1.0,
2025-09-29 08:00:00,111865.96,112421.99,111865.95,112099.75,787.97678,88351130.6883079,111937.07,1.0,0.0,1.0,,0.0
2025-09-29 09:00:00,112099.74,112219.0,111988.13,112110.9,460.23123,51596365.9014981,110332.39,1.0,0.0,1.0,,0.0
2025-09-29 10:00:00,112110.9,112225.0,112012.73,112090.18,476.12298,53371908.8562128,111955.9,0.0,0.0,1.0,1.0,
2025-09-29 11:00:00,112090.19,112112.86,111923.13,112100.0,401.91096,45023424.4092072,111992.88,0.0,0.0,1.0,,
2025-09-29 12:00:00,112100.0,112515.0,111940.0,112022.16,744.63691,83558084.8547401,110406.72,0.0,0.0,1.0,,
2025-09-29 13:00:00,112022.0,113490.0,111901.26,113227.29,1670.66371,188528854.8225499,113674.69,1.0,0.0,1.0,,0.0
2025-09-29 14:00:00,113227.29,114231.56,113220.21,114033.53,1791.07159,203838443.3583698,113730.625,1.0,0.0,1.0,,0.0
2025-09-29 15:00:00,114033.54,114127.13,113686.06,113815.57,858.42631,97790910.146178,113781.11,0.0,0.0,1.0,,
2025-09-29 16:00:00,113815.57,114053.0,113600.0,113626.15,728.01207,82888407.5717341,113829.42,1.0,0.0,1.0,,0.0
2025-09-29 17:00:00,113626.15,114151.0,113449.74,114043.91,843.56729,95976164.9523847,113887.414,1.0,0.0,1.0,,0.0
2025-09-29 18:00:00,114043.92,114137.73,113867.02,114008.79,396.89151,45239648.5654859,113939.53,0.0,0.0,1.0,,
2025-09-29 19:00:00,114008.78,114390.93,113848.63,114265.55,747.93438,85379189.8591843,113992.19,0.0,0.0,1.0,1.0,
2025-09-29 20:00:00,114265.56,114400.0,114122.12,114258.29,497.44944,56861616.7857482,114045.445,0.0,0.0,1.0,1.0,
2025-09-29 21:00:00,114258.29,114329.8,114095.36,114176.73,218.26557,24928851.5225501,114098.24,0.0,0.0,0.0,,
2025-09-29 22:00:00,114176.72,114216.41,114020.0,114189.81,443.81221,50643570.2507602,114153.96,0.0,1.0,0.0,,
2025-09-29 23:00:00,114189.8,114395.92,114189.8,114311.96,345.31333,39464066.6736083,114212.07,0.0,1.0,0.0,,
2025-09-30 00:00:00,114311.97,114758.0,114040.35,114525.97,953.85322,109113615.791209,114271.42,0.0,1.0,0.0,0.0,
2025-09-30 01:00:00,114525.97,114792.0,114255.38,114500.31,766.2566,87732233.7181448,114330.914,1.0,1.0,0.0,,1.0
2025-09-30 02:00:00,114500.32,114583.19,114360.0,114455.96,385.99253,44185465.1278323,114387.06,0.0,1.0,0.0,,
2025-09-30 03:00:00,114455.96,114514.5,114303.06,114376.39,388.27883,44410900.2306327,114442.29,0.0,1.0,0.0,,
2025-09-30 04:00:00,114376.39,114376.4,114091.62,114091.63,355.43204,40598976.1697289,114501.98,1.0,1.0,0.0,,1.0
2025-09-30 05:00:00,114091.63,114205.17,113827.24,113904.0,698.31455,79595171.300194,114556.78,1.0,1.0,0.0,,1.0
2025-09-30 06:00:00,113904.0,114084.22,113838.41,113891.64,527.62041,60113645.6062512,114608.664,1.0,1.0,0.0,,1.0
2025-09-30 07:00:00,113891.64,113994.61,113585.0,113699.23,745.45417,84808256.0939466,114654.945,1.0,0.0,0.0,,1.0
2025-09-30 08:00:00,113699.24,113741.37,113350.35,113451.89,653.46315,74203391.9210147,113894.445,1.0,1.0,0.0,,1.0
2025-09-30 09:00:00,113451.89,113451.89,112731.41,112781.97,995.05591,112534196.9641622,109868.05,1.0,0.0,0.0,,1.0
2025-09-30 10:00:00,112781.97,113085.23,112656.27,112923.49,721.99583,81491748.2246925,113976.76,1.0,0.0,1.0,,0.0
2025-09-30 11:00:00,112923.5,113135.44,112810.62,113055.01,498.77683,56340949.2395193,114012.73,1.0,0.0,1.0,,0.0
2025-09-30 12:00:00,113055.0,113255.99,112990.75,113002.06,347.5946,39315917.1001701,109976.87,0.0,0.0,1.0,1.0,
2025-09-30 13:00:00,113002.06,113677.23,112866.11,113404.53,823.64679,93302347.1626907,114098.33,1.0,0.0,1.0,,0.0
2025-09-30 14:00:00,113404.53,113630.13,112900.0,113595.05,910.17644,103057049.6393775,110070.766,1.0,0.0,1.0,,0.0
2025-09-30 15:00:00,113595.04,113598.27,112919.95,113106.16,758.86878,85865428.0857372,111742.04,0.0,0.0,1.0,1.0,
2025-09-30 16:00:00,113106.15,113279.92,112800.0,112841.24,386.78887,43717317.0409259,110146.87,0.0,0.0,1.0,1.0,
2025-09-30 17:00:00,112841.23,113503.99,112813.82,113246.11,745.57241,84452813.2253544,110186.484,0.0,0.0,1.0,1.0,
