date,close,isTP_DN,isTP_UP
2017-03-13,207.6742553710937,,
2017-03-14,206.87954711914065,,
2017-03-15,208.6697692871093,,
2017-03-16,208.25929260253903,,
2017-03-17,207.8936309814453,,
2017-03-20,207.6655731201172,,
2017-03-21,204.99923706054688,,
2017-03-22,205.481674194336,,
2017-03-23,205.2624053955078,,
2017-03-24,205.11325073242188,,
2017-03-27,204.9027404785156,,
2017-03-28,206.393783569336,,
2017-03-29,206.5867614746093,,
2017-03-30,207.24459838867188,,
2017-03-31,206.7621612548828,,
2017-04-03,206.40255737304688,,
2017-04-04,206.5341339111328,,
2017-04-05,205.920166015625,,
2017-04-06,206.49905395507807,,
2017-04-07,206.2885284423828,,
2017-04-10,206.41131591796875,,
2017-04-11,206.16574096679688,,
2017-04-12,205.2624053955078,,
2017-04-13,203.92919921875,,
2017-04-17,205.7360076904297,,
2017-04-18,205.12203979492188,,
2017-04-19,204.74484252929688,,
2017-04-20,206.41131591796875,,
2017-04-21,205.75357055664065,,
2017-04-24,208.01638793945312,,
2017-04-25,209.226791381836,,
2017-04-26,209.09518432617188,,
2017-04-27,209.2706298828125,,
2017-04-28,208.81455993652344,,
2017-05-01,209.3408203125,,
2017-05-02,209.41970825195312,,
2017-05-03,209.16534423828125,,
2017-05-04,209.4109649658203,,
2017-05-05,210.2353973388672,,
2017-05-08,210.2003326416016,,
2017-05-09,210.00738525390625,,
2017-05-10,210.384506225586,,
2017-05-11,209.9547882080078,,
2017-05-12,209.60389709472656,,
2017-05-15,210.7616271972656,,
2017-05-16,210.56871032714844,,
2017-05-17,206.8323516845703,,
2017-05-18,207.6655731201172,,
2017-05-19,209.0162811279297,,
2017-05-22,210.07752990722656,,
2017-05-23,210.5423889160156,,
2017-05-24,211.03355407714844,,
2017-05-25,212.04217529296875,,
2017-05-26,211.9983367919922,,
2017-05-30,211.8140869140625,,
2017-05-31,211.76153564453125,,
2017-06-01,213.4454498291016,,
2017-06-02,214.15594482421875,,
2017-06-05,213.9980926513672,,
2017-06-06,213.31393432617188,,
2017-06-07,213.7086334228516,,
2017-06-08,213.8138885498047,,
2017-06-09,213.4893035888672,,
2017-06-12,213.4454498291016,,
2017-06-13,214.4892120361328,,
2017-06-14,214.21731567382807,,
2017-06-15,213.8050842285156,,
2017-06-16,213.8518218994141,,
2017-06-19,215.6322021484375,,
2017-06-20,214.1779327392578,,
2017-06-21,214.12506103515625,,
2017-06-22,214.028076171875,,
2017-06-23,214.2836761474609,,
2017-06-26,214.42469787597656,,
2017-06-27,212.69728088378903,,
2017-06-28,214.60096740722656,,
2017-06-29,212.71487426757807,,
2017-06-30,213.1114654541016,,
2017-07-03,213.47283935546875,,
2017-07-05,213.9664001464844,,
2017-07-06,212.009765625,,
2017-07-07,213.38465881347656,,
2017-07-10,213.6138610839844,,
2017-07-11,213.45523071289065,,
2017-07-12,215.0592803955078,,
2017-07-13,215.420639038086,,
2017-07-14,216.4253692626953,,
2017-07-17,216.39894104003903,,
2017-07-18,216.5135040283203,,
2017-07-19,217.6856842041016,0.0,0.0
2017-07-20,217.7826690673828,0.0,0.0
2017-07-21,217.5887451171875,0.0,1.0
2017-07-24,217.5359039306641,0.0,1.0
2017-07-25,218.064682006836,0.0,0.0
2017-07-26,218.0735015869141,0.0,0.0
2017-07-27,217.87081909179688,0.0,1.0
2017-07-28,217.6151428222656,0.0,1.0
2017-07-31,217.4918365478516,0.0,1.0
2017-08-01,217.97657775878903,0.0,0.0
2017-08-02,218.08230590820312,0.0,0.0
2017-08-03,217.6593170166016,0.0,0.0
2017-08-04,218.05587768554688,0.0,0.0
2017-08-07,218.46131896972656,0.0,0.0
2017-08-08,217.9236755371093,0.0,0.0
2017-08-09,217.9148101806641,0.0,0.0
2017-08-10,214.8389434814453,0.0,0.0
2017-08-11,215.1562042236328,0.0,1.0
2017-08-14,217.2891082763672,0.0,0.0
2017-08-15,217.2626190185547,0.0,0.0
2017-08-16,217.6416473388672,0.0,0.0
2017-08-17,214.2484436035156,0.0,1.0
2017-08-18,213.91354370117188,0.0,1.0
2017-08-21,214.08094787597656,0.0,0.0
2017-08-22,216.3195953369141,0.0,0.0
2017-08-23,215.54400634765625,0.0,0.0
2017-08-24,215.04165649414065,0.0,0.0
2017-08-25,215.54400634765625,0.0,0.0
2017-08-28,215.5528564453125,0.0,1.0
2017-08-29,215.79962158203125,0.0,0.0
2017-08-30,216.8219757080078,0.0,0.0
2017-08-31,218.1264038085937,0.0,0.0
2017-09-01,218.4348602294922,0.0,1.0
2017-09-05,216.86607360839844,0.0,1.0
2017-09-06,217.6063690185547,0.0,1.0
2017-09-07,217.57994079589844,0.0,1.0
2017-09-08,217.32437133789065,0.0,1.0
2017-09-11,219.642318725586,0.0,1.0
2017-09-12,220.3826904296875,0.0,1.0
2017-09-13,220.4884033203125,0.0,1.0
2017-09-14,220.4179077148437,0.0,0.0
2017-09-15,220.71470642089844,0.0,0.0
2017-09-18,221.18405151367188,0.0,1.0
2017-09-19,221.40548706054688,0.0,1.0
2017-09-20,221.48521423339844,0.0,1.0
2017-09-21,220.8917999267578,0.0,1.0
2017-09-22,220.93609619140625,0.0,1.0
2017-09-25,220.484375,0.0,1.0
2017-09-26,220.6171722412109,0.0,1.0
2017-09-27,221.4763946533203,0.0,1.0
2017-09-28,221.7420654296875,0.0,1.0
2017-09-29,222.52154541015625,0.0,1.0
2017-10-02,223.4869842529297,0.0,1.0
2017-10-03,223.9652557373047,0.0,1.0
2017-10-04,224.23097229003903,0.0,1.0
2017-10-05,225.5595550537109,0.0,0.0
2017-10-06,225.30270385742188,0.0,1.0
2017-10-09,224.93069458007807,0.0,1.0
2017-10-10,225.52410888671875,0.0,1.0
2017-10-11,225.87844848632807,0.0,1.0
2017-10-12,225.54185485839844,0.0,1.0
2017-10-13,225.81640625,0.0,1.0
2017-10-16,226.11756896972656,0.0,0.0
2017-10-17,226.2769470214844,0.0,0.0
2017-10-18,226.4984741210937,0.0,1.0
2017-10-19,226.5604248046875,0.0,1.0
2017-10-20,227.7295837402344,0.0,0.0
2017-10-23,226.8438415527344,0.0,1.0
2017-10-24,227.242431640625,0.0,0.0
2017-10-25,226.11756896972656,0.0,1.0
2017-10-26,226.4098663330078,0.0,0.0
2017-10-27,228.26101684570312,0.0,0.0
2017-10-30,227.4107360839844,0.0,1.0
2017-10-31,227.7650146484375,0.0,1.0
2017-11-01,228.06619262695312,0.0,1.0
2017-11-02,228.15475463867188,0.0,1.0
2017-11-03,228.9164581298828,0.0,0.0
2017-11-06,229.27078247070312,0.0,0.0
2017-11-07,229.11129760742188,0.0,0.0
2017-11-08,229.50108337402344,0.0,0.0
2017-11-09,228.66848754882807,0.0,0.0
2017-11-10,228.5975952148437,0.0,1.0
2017-11-13,228.81016540527344,0.0,1.0
2017-11-14,228.2787475585937,0.0,1.0
2017-11-15,227.1362152099609,0.0,1.0
2017-11-16,229.0670928955078,0.0,0.0
2017-11-17,228.3939208984375,0.0,1.0
2017-11-20,228.7836151123047,0.0,1.0
2017-11-21,230.2804718017578,0.0,1.0
2017-11-22,230.0767974853516,0.0,1.0
2017-11-24,230.6082000732422,0.0,1.0
2017-11-27,230.4930725097656,0.0,1.0
2017-11-28,232.8313751220703,0.0,0.0
2017-11-29,232.68966674804688,0.0,1.0
2017-11-30,234.72686767578125,0.0,1.0
2017-12-01,234.23971557617188,0.0,1.0
2017-12-04,233.9562225341797,0.0,1.0
2017-12-05,233.11485290527344,0.0,1.0
2017-12-06,233.1591033935547,0.0,1.0
2017-12-07,233.894287109375,0.0,0.0
2017-12-08,235.16973876953125,0.0,0.0
2017-12-11,235.8782653808593,0.0,0.0
2017-12-12,236.2946014404297,0.0,0.0
2017-12-13,236.26806640625,0.0,0.0
2017-12-14,235.30259704589844,0.0,0.0
2017-12-15,237.26202392578125,0.0,0.0
2017-12-18,238.7665863037109,1.0,0.0
2017-12-19,237.84963989257807,0.0,0.0
2017-12-20,237.7249755859375,0.0,1.0
2017-12-21,238.21463012695312,0.0,0.0
2017-12-22,238.1523284912109,0.0,1.0
2017-12-26,237.86740112304688,0.0,1.0
2017-12-27,237.983154296875,0.0,1.0
2017-12-28,238.4728240966797,0.0,0.0
2017-12-29,237.5736389160156,0.0,1.0
2018-01-02,239.27403259277344,0.0,0.0
2018-01-03,240.7874450683593,0.0,0.0
2018-01-04,241.80239868164065,0.0,0.0
2018-01-05,243.4137115478516,0.0,0.0
2018-01-08,243.8588104248047,0.0,0.0
2018-01-09,244.41079711914065,0.0,0.0
2018-01-10,244.0368804931641,0.0,0.0
2018-01-11,245.81739807128903,0.0,0.0
2018-01-12,247.4198608398437,0.0,0.0
2018-01-16,246.57411193847656,0.0,0.0
2018-01-17,248.92433166503903,0.0,0.0
2018-01-18,248.50607299804688,0.0,0.0
2018-01-19,249.6365661621093,0.0,0.0
2018-01-22,251.66636657714844,1.0,0.0
2018-01-23,252.20050048828125,1.0,0.0
2018-01-24,252.1026153564453,0.0,0.0
2018-01-25,252.20936584472656,0.0,0.0
2018-01-26,255.12942504882807,1.0,0.0
2018-01-29,253.43800354003903,0.0,0.0
2018-01-30,250.83843994140625,0.0,0.0
2018-01-31,250.9630279541016,0.0,0.0
2018-02-01,250.67822265625,1.0,0.0
2018-02-02,245.220947265625,0.0,0.0
2018-02-05,234.96519470214844,0.0,1.0
2018-02-06,239.59451293945312,0.0,0.0
2018-02-07,238.29473876953125,0.0,0.0
2018-02-08,229.3565368652344,0.0,1.0
2018-02-09,232.8018798828125,0.0,1.0
2018-02-12,236.220443725586,0.0,1.0
2018-02-13,236.8080139160156,0.0,1.0
2018-02-14,240.0041046142578,0.0,1.0
2018-02-15,243.0665283203125,0.0,1.0
2018-02-16,243.13771057128903,0.0,0.0
2018-02-20,241.6153564453125,0.0,0.0
2018-02-21,240.4134979248047,0.0,0.0
2018-02-22,240.7251434326172,0.0,1.0
2018-02-23,244.5621490478516,0.0,0.0
2018-02-26,247.40200805664065,0.0,0.0
2018-02-27,244.3128204345703,0.0,0.0
2018-02-28,241.8379669189453,0.0,1.0
2018-03-01,238.32144165039065,0.0,1.0
2018-03-02,239.5499420166016,0.0,1.0
2018-03-05,242.31871032714844,0.0,1.0
2018-03-06,242.9329528808593,0.0,1.0
2018-03-07,242.84393310546875,0.0,1.0
2018-03-08,244.0190887451172,0.0,0.0
2018-03-09,248.2655792236328,0.0,0.0
2018-03-12,247.9539489746093,0.0,0.0
2018-03-13,246.3515167236328,0.0,0.0
2018-03-14,245.0873565673828,0.0,0.0
2018-03-15,244.8202209472656,1.0,0.0
2018-03-16,245.0857849121093,0.0,0.0
2018-03-19,241.7696533203125,0.0,0.0
2018-03-20,242.18087768554688,0.0,0.0
2018-03-21,241.716064453125,0.0,0.0
2018-03-22,235.6738739013672,1.0,0.0
2018-03-23,230.65054321289065,0.0,1.0
2018-03-26,236.9609222412109,0.0,0.0
2018-03-27,232.92979431152344,0.0,0.0
2018-03-28,232.2415771484375,0.0,1.0
2018-03-29,235.2090759277344,0.0,0.0
2018-04-02,230.13214111328125,0.0,1.0
2018-04-03,233.0817413330078,0.0,0.0
2018-04-04,235.57554626464844,0.0,0.0
2018-04-05,237.4346923828125,0.0,0.0
2018-04-06,232.14321899414065,0.0,1.0
2018-04-09,233.287353515625,0.0,0.0
2018-04-10,236.9966583251953,0.0,0.0
2018-04-11,235.7543029785156,0.0,0.0
2018-04-12,237.6938323974609,0.0,0.0
2018-04-13,236.9966583251953,1.0,0.0
2018-04-16,238.9452209472656,0.0,0.0
2018-04-17,241.5016021728516,0.0,0.0
2018-04-18,241.6803741455078,0.0,0.0
2018-04-19,240.3395538330078,0.0,0.0
2018-04-20,238.3016052246093,0.0,0.0
2018-04-23,238.2659149169922,0.0,0.0
2018-04-24,235.0570678710937,0.0,0.0
2018-04-25,235.63807678222656,0.0,1.0
2018-04-26,238.0334930419922,0.0,1.0
2018-04-27,238.25704956054688,0.0,0.0
2018-04-30,236.4246368408203,0.0,0.0
2018-05-01,236.84474182128903,0.0,0.0
2018-05-02,235.25379943847656,0.0,0.0
2018-05-03,234.7353363037109,0.0,0.0
2018-05-04,237.7743225097656,0.0,0.0
2018-05-07,238.57876586914065,0.0,0.0
2018-05-08,238.57876586914065,0.0,1.0
2018-05-09,240.8848419189453,0.0,1.0
2018-05-10,243.13720703125,0.0,1.0
2018-05-11,243.8791046142578,0.0,0.0
2018-05-14,243.995346069336,0.0,1.0
2018-05-15,242.3148956298828,0.0,0.0
2018-05-16,243.33387756347656,0.0,0.0
2018-05-17,243.12831115722656,1.0,0.0
2018-05-18,242.5204925537109,0.0,0.0
2018-05-21,244.3438873291016,1.0,0.0
2018-05-22,243.6646270751953,0.0,0.0
2018-05-23,244.33493041992188,0.0,1.0
2018-05-24,243.8344116210937,0.0,0.0
2018-05-25,243.2534027099609,0.0,1.0
2018-05-29,240.45574951171875,0.0,1.0
2018-05-30,243.6646270751953,0.0,1.0
2018-05-31,242.1720123291016,0.0,0.0
2018-06-01,244.54953002929688,0.0,0.0
2018-06-04,245.7115020751953,0.0,0.0
2018-06-05,245.8902130126953,0.0,0.0
2018-06-06,247.9459381103516,0.0,0.0
2018-06-07,247.9191131591797,0.0,0.0
2018-06-08,248.6521453857422,0.0,0.0
2018-06-11,248.9828338623047,0.0,0.0
2018-06-12,249.30465698242188,0.0,0.0
2018-06-13,248.5091094970703,0.0,0.0
2018-06-14,249.13487243652344,0.0,0.0
2018-06-15,248.81689453125,0.0,0.0
2018-06-18,248.3051300048828,0.0,0.0
2018-06-19,247.3535003662109,0.0,0.0
2018-06-20,247.77554321289065,0.0,0.0
2018-06-21,246.22218322753903,0.0,0.0
2018-06-22,246.671142578125,0.0,0.0
2018-06-25,243.31320190429688,0.0,1.0
2018-06-26,243.8519744873047,0.0,0.0
2018-06-27,241.8318023681641,0.0,0.0
2018-06-28,243.2144317626953,0.0,0.0
2018-06-29,243.5646209716797,0.0,0.0
2018-07-02,244.0852813720703,0.0,0.0
2018-07-03,243.2234344482422,0.0,0.0
2018-07-05,245.2076416015625,0.0,0.0
2018-07-06,247.2816619873047,0.0,0.0
2018-07-09,249.50831604003903,0.0,0.0
2018-07-10,250.40606689453125,0.0,1.0
2018-07-11,248.574462890625,0.0,1.0
2018-07-12,250.8281707763672,0.0,1.0
2018-07-13,251.0256500244141,0.0,1.0
2018-07-16,250.8011932373047,0.0,1.0
2018-07-17,251.8156890869141,0.0,0.0
2018-07-18,252.34539794921875,0.0,0.0
2018-07-19,251.393798828125,0.0,0.0
2018-07-20,251.10641479492188,0.0,0.0
2018-07-23,251.5733337402344,0.0,0.0
2018-07-24,252.8393096923828,0.0,0.0
2018-07-25,254.9940948486328,1.0,0.0
2018-07-26,254.3924865722656,0.0,0.0
2018-07-27,252.668701171875,0.0,1.0
2018-07-30,251.34890747070312,0.0,1.0
2018-07-31,252.5878448486328,0.0,1.0
2018-08-01,252.1658630371093,0.0,1.0
2018-08-02,253.53952026367188,0.0,0.0
2018-08-03,254.6259002685547,0.0,1.0
2018-08-06,255.5597076416016,0.0,0.0
2018-08-07,256.4036865234375,0.0,0.0
2018-08-08,256.29595947265625,0.0,0.0
2018-08-09,255.94577026367188,0.0,0.0
2018-08-10,254.2308807373047,0.0,0.0
2018-08-13,253.27919006347656,0.0,0.0
2018-08-14,254.895248413086,0.0,0.0
2018-08-15,252.99185180664065,0.0,0.0
2018-08-16,255.0389404296875,0.0,0.0
2018-08-17,255.93682861328125,0.0,1.0
2018-08-20,256.4844665527344,0.0,1.0
2018-08-21,257.08599853515625,0.0,1.0
2018-08-22,256.9333190917969,0.0,1.0
2018-08-23,256.5921630859375,0.0,1.0
2018-08-24,258.136474609375,0.0,1.0
2018-08-27,260.174560546875,0.0,0.0
2018-08-28,260.3002319335937,0.0,0.0
2018-08-29,261.70086669921875,0.0,0.0
2018-08-30,260.6414794921875,1.0,0.0
2018-08-31,260.6504211425781,0.0,0.0
2018-09-04,260.20147705078125,0.0,1.0
2018-09-05,259.5011901855469,0.0,1.0
2018-09-06,258.72003173828125,0.0,1.0
2018-09-07,258.21734619140625,0.0,1.0
2018-09-10,258.6662292480469,0.0,1.0
2018-09-11,259.5191650390625,0.0,0.0
2018-09-12,259.5820007324219,0.0,0.0
2018-09-13,261.1172790527344,0.0,0.0
2018-09-14,261.16217041015625,0.0,0.0
2018-09-17,259.779541015625,0.0,1.0
2018-09-18,261.1891174316406,0.0,1.0
2018-09-19,261.4673767089844,0.0,1.0
2018-09-20,263.5863037109375,0.0,0.0
2018-09-21,263.3454284667969,0.0,0.0
2018-09-24,262.4705810546875,0.0,1.0
2018-09-25,262.2270812988281,0.0,0.0
2018-09-26,261.44256591796875,0.0,0.0
2018-09-27,262.17315673828125,0.0,0.0
2018-09-28,262.2001342773437,0.0,0.0
2018-10-01,263.1110534667969,0.0,0.0
2018-10-02,262.9576721191406,0.0,0.0
2018-10-03,263.1019897460937,0.0,0.0
2018-10-04,261.045654296875,0.0,0.0
2018-10-05,259.5845031738281,0.0,0.0
2018-10-08,259.5845031738281,0.0,0.0
2018-10-09,259.2057800292969,0.0,0.0
2018-10-10,250.9984893798828,0.0,0.0
2018-10-11,245.46994018554688,0.0,1.0
2018-10-12,248.87908935546875,0.0,0.0
2018-10-15,247.4810485839844,0.0,0.0
2018-10-16,252.8925170898437,1.0,0.0
2018-10-17,252.93756103515625,1.0,0.0
2018-10-18,249.28497314453125,0.0,0.0
2018-10-19,249.1496734619141,1.0,0.0
2018-10-22,248.03125,0.0,0.0
2018-10-23,246.76866149902344,0.0,0.0
2018-10-24,239.2918395996093,0.0,1.0
2018-10-25,243.5848999023437,0.0,1.0
2018-10-26,239.30088806152344,0.0,1.0
2018-10-29,237.97509765625,0.0,1.0
2018-10-30,241.50157165527344,0.0,0.0
2018-10-31,244.0809631347656,0.0,0.0
2018-11-01,246.67840576171875,1.0,0.0
2018-11-02,245.2174072265625,0.0,0.0
2018-11-05,246.5702209472656,1.0,0.0
2018-11-06,248.13047790527344,1.0,0.0
2018-11-07,253.4426422119141,1.0,0.0
2018-11-08,252.9827423095703,1.0,0.0
2018-11-09,250.5115203857422,0.0,0.0
2018-11-12,245.8306884765625,0.0,0.0
2018-11-13,245.37063598632807,0.0,0.0
2018-11-14,243.6931915283203,0.0,0.0
2018-11-15,246.23648071289065,1.0,0.0
2018-11-16,246.8768005371093,0.0,0.0
2018-11-19,242.70103454589844,0.0,1.0
2018-11-20,238.20957946777344,0.0,1.0
2018-11-21,239.02134704589844,0.0,0.0
2018-11-23,237.4249420166016,0.0,1.0
2018-11-26,241.2579803466797,0.0,0.0
2018-11-27,242.0697326660156,1.0,0.0
2018-11-28,247.6434783935547,1.0,0.0
2018-11-29,247.1023406982422,1.0,0.0
2018-11-30,248.6084747314453,0.0,0.0
2018-12-03,251.90040588378903,1.0,0.0
2018-12-04,243.7382659912109,0.0,0.0
2018-12-06,243.368408203125,1.0,0.0
2018-12-07,237.71353149414065,0.0,0.0
2018-12-10,238.16452026367188,0.0,0.0
2018-12-11,238.21861267089844,0.0,0.0
2018-12-12,239.4181060791016,0.0,0.0
2018-12-13,239.33697509765625,0.0,0.0
2018-12-14,234.9176788330078,0.0,0.0
2018-12-17,230.30897521972656,0.0,0.0
2018-12-18,230.05642700195312,0.0,0.0
2018-12-19,226.6112060546875,0.0,0.0
2018-12-20,222.9224090576172,0.0,1.0
2018-12-21,218.35479736328125,0.0,1.0
2018-12-24,212.5852508544922,0.0,1.0
2018-12-26,223.3260803222656,0.0,1.0
2018-12-27,225.0406646728516,0.0,1.0
2018-12-28,224.75038146972656,0.0,1.0
2018-12-31,226.71890258789065,0.0,1.0
2019-01-02,226.95474243164065,0.0,1.0
2019-01-03,221.5389709472656,0.0,1.0
2019-01-04,228.9595947265625,0.0,0.0
2019-01-07,230.76483154296875,0.0,0.0
2019-01-08,232.9329528808593,0.0,0.0
2019-01-09,234.0216064453125,0.0,0.0
2019-01-10,234.8470764160156,0.0,1.0
2019-01-11,234.9378204345703,0.0,1.0
2019-01-14,233.5044860839844,0.0,1.0
2019-01-15,236.18067932128903,0.0,1.0
2019-01-16,236.75213623046875,0.0,1.0
2019-01-17,238.5483245849609,0.0,1.0
2019-01-18,241.72344970703125,0.0,1.0
2019-01-22,238.45758056640625,0.0,1.0
2019-01-23,238.95654296875,0.0,1.0
2019-01-24,239.0835876464844,0.0,1.0
2019-01-25,241.1065673828125,0.0,1.0
2019-01-28,239.2740631103516,0.0,1.0
2019-01-29,238.95654296875,0.0,1.0
2019-01-30,242.7394256591797,0.0,1.0
2019-01-31,244.87127685546875,0.0,1.0
2019-02-01,244.98927307128903,0.0,1.0
2019-02-04,246.7127990722656,0.0,1.0
2019-02-05,247.74703979492188,0.0,1.0
2019-02-06,247.42041015625,0.0,1.0
2019-02-07,245.0618438720703,0.0,1.0
2019-02-08,245.3611755371093,0.0,1.0
2019-02-11,245.4971923828125,0.0,1.0
2019-02-12,248.6542053222656,0.0,1.0
2019-02-13,249.4615020751953,0.0,1.0
2019-02-14,248.9081420898437,0.0,1.0
2019-02-15,251.6205139160156,0.0,1.0
2019-02-19,252.0560302734375,0.0,1.0
2019-02-20,252.5641021728516,0.0,1.0
2019-02-21,251.6659698486328,0.0,1.0
2019-02-22,253.22634887695312,0.0,0.0
2019-02-25,253.57098388671875,0.0,0.0
2019-02-26,253.3895568847656,1.0,0.0
2019-02-27,253.2807159423828,0.0,0.0
2019-02-28,252.8090057373047,0.0,0.0
2019-03-01,254.3874969482422,0.0,0.0
2019-03-04,253.4621124267578,0.0,1.0
2019-03-05,253.117431640625,0.0,1.0
2019-03-06,251.58428955078125,0.0,1.0
2019-03-07,249.4796600341797,0.0,1.0
2019-03-08,248.980697631836,0.0,1.0
2019-03-11,252.59130859375,0.0,0.0
2019-03-12,253.54383850097656,0.0,1.0
2019-03-13,255.22206115722656,0.0,0.0
2019-03-14,255.0586853027344,0.0,0.0
2019-03-15,256.31890869140625,0.0,0.0
2019-03-18,257.248291015625,0.0,0.0
2019-03-19,257.3121032714844,0.0,0.0
2019-03-20,256.5375366210937,0.0,1.0
2019-03-21,259.43505859375,0.0,1.0
2019-03-22,254.4418792724609,0.0,1.0
2019-03-25,254.2506561279297,0.0,1.0
2019-03-26,256.1457824707031,0.0,1.0
2019-03-27,254.80636596679688,0.0,1.0
2019-03-28,255.77218627929688,0.0,0.0
2019-03-29,257.3848876953125,0.0,1.0
2019-04-01,260.437255859375,0.0,1.0
2019-04-02,260.5648803710937,0.0,1.0
2019-04-03,260.97491455078125,0.0,1.0
2019-04-04,261.6673583984375,0.0,1.0
2019-04-05,262.9339599609375,0.0,1.0
2019-04-08,263.1343994140625,0.0,1.0
2019-04-09,261.7858581542969,0.0,1.0
2019-04-10,262.67889404296875,0.0,1.0
2019-04-11,262.6059265136719,0.0,1.0
2019-04-12,264.3826904296875,0.0,1.0
2019-04-15,264.2095642089844,0.0,1.0
2019-04-16,264.3826904296875,0.0,1.0
2019-04-17,263.7358093261719,0.0,1.0
2019-04-18,264.2551574707031,0.0,1.0
2019-04-22,264.4829406738281,0.0,1.0
2019-04-23,266.8610534667969,0.0,0.0
2019-04-24,266.268798828125,0.0,1.0
2019-04-25,266.104736328125,0.0,1.0
2019-04-26,267.3439025878906,0.0,0.0
2019-04-29,267.7630615234375,0.0,0.0
2019-04-30,267.8997497558594,0.0,0.0
2019-05-01,265.8861083984375,0.0,0.0
2019-05-02,265.31207275390625,0.0,0.0
2019-05-03,267.908935546875,0.0,0.0
2019-05-06,266.80633544921875,0.0,0.0
2019-05-07,262.35076904296875,0.0,0.0
2019-05-08,261.9862670898437,0.0,0.0
2019-05-09,261.1936950683594,0.0,0.0
2019-05-10,262.5055847167969,0.0,0.0
2019-05-13,255.90890502929688,0.0,1.0
2019-05-14,258.2232360839844,1.0,0.0
2019-05-15,259.7358093261719,1.0,0.0
2019-05-16,262.1412353515625,1.0,0.0
2019-05-17,260.44647216796875,0.0,0.0
2019-05-20,258.7243957519531,0.0,0.0
2019-05-21,261.05694580078125,0.0,0.0
2019-05-22,260.2551574707031,0.0,0.0
2019-05-23,257.0752258300781,0.0,0.0
2019-05-24,257.6582946777344,0.0,0.0
2019-05-28,255.261962890625,0.0,1.0
2019-05-29,253.54898071289065,0.0,0.0
2019-05-30,254.24136352539065,0.0,0.0
2019-05-31,250.81549072265625,0.0,0.0
2019-06-03,250.1776885986328,0.0,1.0
2019-06-04,255.60812377929688,0.0,0.0
2019-06-05,257.822265625,0.0,0.0
2019-06-06,259.4988708496094,0.0,0.0
2019-06-07,262.0956115722656,0.0,1.0
2019-06-10,263.2983703613281,0.0,1.0
2019-06-11,263.23455810546875,0.0,1.0
2019-06-12,262.7699279785156,0.0,1.0
2019-06-13,263.85430908203125,0.0,1.0
2019-06-14,263.56268310546875,0.0,1.0
2019-06-17,263.6628112792969,0.0,1.0
2019-06-18,266.4236755371094,0.0,1.0
2019-06-19,267.0250244140625,0.0,1.0
2019-06-20,269.5763244628906,0.0,1.0
2019-06-21,269.1844482421875,0.0,1.0
2019-06-24,268.85479736328125,0.0,1.0
2019-06-25,266.21795654296875,0.0,1.0
2019-06-26,265.952392578125,0.0,1.0
2019-06-27,266.8954467773437,0.0,1.0
2019-06-28,268.26885986328125,0.0,1.0
2019-07-01,270.704345703125,0.0,1.0
2019-07-02,271.4093322753906,0.0,1.0
2019-07-03,273.5793151855469,0.0,1.0
2019-07-05,273.2679748535156,0.0,1.0
2019-07-08,271.7663879394531,0.0,1.0
2019-07-09,272.1051940917969,0.0,1.0
2019-07-10,273.4052429199219,0.0,0.0
2019-07-11,274.0462646484375,0.0,0.0
2019-07-12,275.2731018066406,0.0,0.0
2019-07-15,275.3646240234375,0.0,1.0
2019-07-16,274.47662353515625,0.0,0.0
2019-07-17,272.60870361328125,0.0,1.0
2019-07-18,273.6067199707031,0.0,1.0
2019-07-19,272.0868835449219,0.0,1.0
2019-07-22,272.7551574707031,0.0,0.0
2019-07-23,274.7054443359375,0.0,0.0
2019-07-24,275.9964294433594,0.0,0.0
2019-07-25,274.677978515625,0.0,0.0
2019-07-26,276.5182800292969,0.0,0.0
2019-07-29,276.0147705078125,0.0,0.0
2019-07-30,275.3371276855469,0.0,0.0
2019-07-31,272.3248291015625,0.0,0.0
2019-08-01,269.9535522460937,0.0,0.0
2019-08-02,267.92095947265625,0.0,0.0
2019-08-05,259.8637084960937,0.0,0.0
2019-08-06,263.5077209472656,1.0,0.0
2019-08-07,263.66339111328125,0.0,0.0
2019-08-08,268.8365478515625,1.0,0.0
2019-08-09,267.0053405761719,0.0,0.0
2019-08-12,263.75494384765625,0.0,1.0
2019-08-13,267.8568115234375,0.0,0.0
2019-08-14,259.9369812011719,0.0,1.0
2019-08-15,260.6236267089844,0.0,1.0
2019-08-16,264.4691467285156,0.0,0.0
2019-08-19,267.6553039550781,0.0,0.0
2019-08-20,265.6045227050781,0.0,1.0
2019-08-21,267.7652893066406,0.0,0.0
2019-08-22,267.68280029296875,0.0,0.0
2019-08-23,260.8067626953125,0.0,1.0
2019-08-26,263.6908874511719,0.0,1.0
2019-08-27,262.6562194824219,0.0,1.0
2019-08-28,264.5057983398437,0.0,1.0
2019-08-29,267.8843078613281,0.0,1.0
2019-08-30,267.7652893066406,0.0,1.0
2019-09-03,266.1995849609375,0.0,1.0
2019-09-04,269.2210998535156,0.0,0.0
2019-09-05,272.6820068359375,0.0,1.0
2019-09-06,272.892578125,0.0,1.0
2019-09-09,273.0299072265625,0.0,1.0
2019-09-10,272.9658203125,0.0,1.0
2019-09-11,274.9069519042969,0.0,0.0
2019-09-12,275.8591613769531,0.0,0.0
2019-09-13,275.67596435546875,0.0,0.0
2019-09-16,274.8244934082031,0.0,0.0
2019-09-17,275.52032470703125,0.0,0.0
2019-09-18,275.6850891113281,0.0,0.0
2019-09-19,275.6667785644531,0.0,0.0
2019-09-20,274.3643493652344,0.0,0.0
2019-09-23,274.2999572753906,0.0,0.0
2019-09-24,272.1475524902344,0.0,0.0
2019-09-25,273.7572326660156,0.0,0.0
2019-09-26,273.18701171875,0.0,0.0
2019-09-27,271.7152709960937,0.0,0.0
2019-09-30,272.9753723144531,0.0,0.0
2019-10-01,269.7284240722656,0.0,0.0
2019-10-02,264.9637451171875,0.0,0.0
2019-10-03,267.1345520019531,0.0,0.0
2019-10-04,270.7494812011719,0.0,0.0
2019-10-07,269.5812683105469,0.0,0.0
2019-10-08,265.3961181640625,0.0,0.0
2019-10-09,267.9163513183594,0.0,0.0
2019-10-10,269.7284240722656,0.0,0.0
2019-10-11,272.524658203125,0.0,0.0
2019-10-14,272.2212829589844,0.0,0.0
2019-10-15,274.9162902832031,0.0,1.0
2019-10-16,274.4747009277344,0.0,0.0
2019-10-17,275.2842712402344,0.0,1.0
2019-10-18,274.0791931152344,0.0,1.0
2019-10-21,275.93719482421875,0.0,1.0
2019-10-22,275.03582763671875,0.0,1.0
2019-10-23,275.8360290527344,0.0,1.0
2019-10-24,276.28680419921875,0.0,0.0
2019-10-25,277.41815185546875,0.0,1.0
2019-10-28,278.9818725585937,0.0,1.0
2019-10-29,278.8990478515625,0.0,1.0
2019-10-30,279.7545471191406,0.0,1.0
2019-10-31,279.0093994140625,0.0,1.0
2019-11-01,281.5942077636719,0.0,1.0
2019-11-04,282.7254943847656,0.0,1.0
2019-11-05,282.412841796875,0.0,1.0
2019-11-06,282.47723388671875,0.0,1.0
2019-11-07,283.4706726074219,0.0,1.0
2019-11-08,284.1697082519531,0.0,1.0
2019-11-11,283.6269226074219,0.0,1.0
2019-11-12,284.22491455078125,0.0,1.0
2019-11-13,284.3167724609375,0.0,0.0
2019-11-14,284.7308349609375,0.0,0.0
2019-11-15,286.7911376953125,0.0,1.0
2019-11-18,287.0026550292969,0.0,1.0
2019-11-19,286.91998291015625,0.0,1.0
2019-11-20,285.8529052734375,0.0,1.0
2019-11-21,285.3929443359375,0.0,0.0
2019-11-22,286.02764892578125,0.0,1.0
2019-11-25,288.2444763183594,0.0,0.0
2019-11-26,288.89752197265625,0.0,0.0
2019-11-27,290.18524169921875,0.0,0.0
2019-11-29,289.1090393066406,0.0,0.0
2019-12-02,286.6531677246094,0.0,1.0
2019-12-03,284.7308349609375,0.0,1.0
2019-12-04,286.4876403808594,0.0,1.0
2019-12-05,287.0026550292969,0.0,0.0
2019-12-06,289.6242370605469,0.0,0.0
2019-12-09,288.71356201171875,0.0,0.0
2019-12-10,288.3916015625,0.0,1.0
2019-12-11,289.2103576660156,0.0,0.0
2019-12-12,291.7030334472656,0.0,0.0
2019-12-13,291.87774658203125,0.0,1.0
2019-12-16,293.8829650878906,0.0,0.0
2019-12-17,293.9473876953125,0.0,0.0
2019-12-18,293.9657287597656,0.0,1.0
2019-12-19,295.17071533203125,0.0,0.0
2019-12-20,296.4647521972656,0.0,1.0
2019-12-23,296.9176940917969,0.0,1.0
2019-12-24,296.9269104003906,0.0,1.0
2019-12-26,298.50762939453125,0.0,0.0
2019-12-27,298.4337158203125,0.0,1.0
2019-12-30,296.7883605957031,0.0,1.0
2019-12-31,297.50933837890625,0.0,1.0
2020-01-02,300.2915344238281,0.0,0.0
2020-01-03,298.0176696777344,0.0,1.0
2020-01-06,299.1546936035156,0.0,0.0
2020-01-07,298.3135070800781,0.0,1.0
2020-01-08,299.90338134765625,0.0,1.0
2020-01-09,301.9369201660156,0.0,0.0
2020-01-10,301.06793212890625,0.0,1.0
2020-01-13,303.1385803222656,0.0,0.0
2020-01-14,302.6763916015625,0.0,1.0
2020-01-15,303.3603210449219,0.0,0.0
2020-01-16,305.8839111328125,1.0,0.0
2020-01-17,306.8359680175781,0.0,0.0
2020-01-21,306.23504638671875,0.0,0.0
2020-01-22,306.2720642089844,0.0,0.0
2020-01-23,306.62335205078125,0.0,0.0
2020-01-24,303.8965148925781,0.0,0.0
2020-01-27,299.02520751953125,0.0,1.0
2020-01-28,302.1587829589844,0.0,0.0
2020-01-29,301.9091491699219,0.0,0.0
2020-01-30,302.8890075683594,0.0,0.0
2020-01-31,297.38916015625,0.0,1.0
2020-02-03,299.5982971191406,0.0,0.0
2020-02-04,304.1644897460937,0.0,0.0
2020-02-05,307.6770935058594,0.0,0.0
2020-02-06,308.7123718261719,0.0,0.0
2020-02-07,307.0670471191406,0.0,0.0
2020-02-10,309.359375,0.0,0.0
2020-02-11,309.8954772949219,1.0,0.0
2020-02-12,311.8920593261719,0.0,0.0
2020-02-13,311.5594482421875,1.0,0.0
2020-02-14,312.0584411621094,0.0,0.0
2020-02-18,311.2542724609375,0.0,0.0
2020-02-19,312.7424621582031,0.0,0.0
2020-02-20,311.4576416015625,0.0,0.0
2020-02-21,308.250244140625,0.0,0.0
2020-02-24,298.0269470214844,0.0,0.0
2020-02-25,288.9961242675781,0.0,0.0
2020-02-26,287.9331359863281,0.0,0.0
2020-02-27,275.0015869140625,0.0,0.0
2020-02-28,273.8460998535156,0.0,0.0
2020-03-02,285.7054138183594,0.0,0.0
2020-03-03,277.5250244140625,0.0,0.0
2020-03-04,289.19024658203125,1.0,0.0
2020-03-05,279.5769958496094,0.0,0.0
2020-03-06,274.9552917480469,0.0,0.0
2020-03-09,253.4828186035156,0.0,0.0
2020-03-10,266.5992126464844,0.0,0.0
2020-03-11,253.6029663085937,0.0,0.0
2020-03-12,229.3389434814453,0.0,0.0
2020-03-13,248.9442596435547,0.0,0.0
2020-03-16,221.703842163086,0.0,1.0
2020-03-17,233.6741485595703,0.0,1.0
2020-03-18,221.842529296875,0.0,1.0
2020-03-19,222.3139495849609,0.0,1.0
2020-03-20,212.73345947265625,0.0,1.0
2020-03-23,207.2942657470703,0.0,1.0
2020-03-24,226.07583618164065,0.0,1.0
2020-03-25,229.460189819336,0.0,1.0
2020-03-26,242.8583221435547,0.0,0.0
2020-03-27,235.6246490478516,0.0,1.0
2020-03-30,243.2767639160156,0.0,0.0
2020-03-31,239.6505889892578,0.0,1.0
2020-04-01,228.8651580810547,0.0,1.0
2020-04-02,234.1463165283203,0.0,1.0
2020-04-03,230.7619171142578,0.0,1.0
2020-04-06,246.2613677978516,0.0,0.0
2020-04-07,246.5123748779297,0.0,0.0
2020-04-08,254.78738403320312,0.0,1.0
2020-04-09,258.6646423339844,0.0,0.0
2020-04-13,256.302978515625,0.0,1.0
2020-04-14,263.862060546875,0.0,0.0
2020-04-15,258.2554931640625,0.0,1.0
2020-04-16,259.50146484375,0.0,1.0
2020-04-17,266.51190185546875,0.0,0.0
2020-04-20,261.8164978027344,0.0,1.0
2020-04-21,253.866928100586,0.0,1.0
2020-04-22,259.50146484375,0.0,1.0
2020-04-23,259.4827880859375,0.0,1.0
2020-04-24,263.0996398925781,0.0,1.0
2020-04-27,266.89312744140625,0.0,0.0
2020-04-28,265.6658630371094,0.0,1.0
2020-04-29,272.6204528808594,0.0,0.0
2020-04-30,270.082275390625,0.0,1.0
2020-05-01,262.93231201171875,0.0,1.0
2020-05-04,263.6575012207031,0.0,0.0
2020-05-05,266.0935363769531,0.0,0.0
2020-05-06,264.28973388671875,0.0,1.0
2020-05-07,267.4788513183594,0.0,1.0
2020-05-08,271.9046325683594,0.0,0.0
2020-05-11,271.9603881835937,0.0,1.0
2020-05-12,266.5397644042969,0.0,1.0
2020-05-13,261.8258361816406,0.0,1.0
2020-05-14,264.959228515625,0.0,1.0
2020-05-15,266.1772155761719,0.0,1.0
2020-05-18,274.2849426269531,0.0,1.0
2020-05-19,271.4676208496094,0.0,1.0
2020-05-20,276.0793762207031,0.0,1.0
2020-05-21,274.1733093261719,0.0,0.0
2020-05-22,274.6940002441406,0.0,1.0
2020-05-26,278.0783386230469,0.0,0.0
2020-05-27,282.21588134765625,0.0,0.0
2020-05-28,281.6952819824219,0.0,1.0
2020-05-29,282.95037841796875,0.0,1.0
2020-06-01,284.0940246582031,0.0,1.0
2020-06-02,286.44635009765625,0.0,0.0
2020-06-03,290.2584533691406,0.0,0.0
2020-06-04,289.4960632324219,0.0,0.0
2020-06-05,296.9156494140625,0.0,0.0
2020-06-08,300.5046081542969,0.0,0.0
2020-06-09,298.2638854980469,0.0,0.0
2020-06-10,296.5995178222656,0.0,0.0
2020-06-11,279.5009765625,0.0,1.0
2020-06-12,282.8481140136719,0.0,1.0
2020-06-15,285.4887084960937,0.0,0.0
2020-06-16,290.9836730957031,0.0,0.0
2020-06-17,289.7750244140625,0.0,0.0
2020-06-18,289.88653564453125,0.0,0.0
2020-06-19,288.2298278808594,0.0,0.0
2020-06-22,290.0788879394531,0.0,0.0
2020-06-23,291.4143981933594,0.0,0.0
2020-06-24,283.980712890625,0.0,0.0
2020-06-25,287.0251770019531,0.0,0.0
2020-06-26,280.2079467773437,0.0,0.0
2020-06-29,284.32623291015625,0.0,0.0
2020-06-30,287.9682922363281,0.0,1.0
2020-07-01,289.9855041503906,0.0,1.0
2020-07-02,291.5825500488281,0.0,0.0
2020-07-06,296.0837097167969,0.0,1.0
2020-07-07,293.0299072265625,0.0,0.0
2020-07-08,295.271240234375,0.0,0.0
2020-07-09,293.5902709960937,0.0,0.0
2020-07-10,296.5880126953125,0.0,1.0
2020-07-13,294.0198669433594,0.0,1.0
2020-07-14,297.8300476074219,0.0,1.0
2020-07-15,300.5663452148437,0.0,0.0
2020-07-16,299.5764465332031,0.0,1.0
2020-07-17,300.44488525390625,0.0,0.0
2020-07-20,302.8730163574219,0.0,1.0
2020-07-21,303.5173034667969,0.0,0.0
2020-07-22,305.2449951171875,0.0,0.0
2020-07-23,301.6029052734375,0.0,1.0
2020-07-24,299.660400390625,0.0,1.0
2020-07-27,301.84576416015625,0.0,1.0
2020-07-28,299.9312744140625,0.0,1.0
2020-07-29,303.6200561523437,0.0,1.0
2020-07-30,302.5367736816406,0.0,1.0
2020-07-31,304.9274597167969,0.0,1.0
2020-08-03,307.04736328125,0.0,1.0
2020-08-04,308.2334289550781,0.0,1.0
2020-08-05,310.1477966308594,0.0,0.0
2020-08-06,312.2209777832031,0.0,1.0
2020-08-07,312.44512939453125,0.0,1.0
2020-08-10,313.3790283203125,0.0,1.0
2020-08-11,310.7922058105469,0.0,1.0
2020-08-12,315.1253356933594,0.0,1.0
2020-08-13,314.5556640625,0.0,1.0
2020-08-14,314.56500244140625,0.0,1.0
2020-08-17,315.5643005371094,0.0,1.0
2020-08-18,316.2460021972656,0.0,1.0
2020-08-19,314.9292297363281,0.0,1.0
2020-08-20,315.9098205566406,0.0,1.0
2020-08-21,317.0303955078125,0.0,1.0
2020-08-24,320.2430114746094,0.0,1.0
2020-08-25,321.36358642578125,0.0,1.0
2020-08-26,324.58544921875,0.0,0.0
2020-08-27,325.29522705078125,0.0,0.0
2020-08-28,327.3963928222656,0.0,0.0
2020-08-31,326.2103576660156,0.0,0.0
2020-09-01,329.2828674316406,0.0,0.0
2020-09-02,334.0455017089844,1.0,0.0
2020-09-03,322.5496520996094,0.0,0.0
2020-09-04,319.91619873046875,0.0,0.0
2020-09-08,311.1750183105469,0.0,1.0
2020-09-09,317.3199462890625,0.0,0.0
2020-09-10,311.8101806640625,0.0,0.0
2020-09-11,311.96881103515625,0.0,0.0
2020-09-14,316.0779113769531,0.0,0.0
2020-09-15,317.6748046875,0.0,0.0
2020-09-16,316.4141540527344,1.0,0.0
2020-09-17,313.63116455078125,0.0,0.0
2020-09-18,310.0203552246094,0.0,0.0
2020-09-21,306.5699768066406,0.0,1.0
2020-09-22,309.6922607421875,0.0,1.0
2020-09-23,302.5102233886719,0.0,0.0
2020-09-24,303.3164978027344,0.0,1.0
2020-09-25,308.2203063964844,0.0,1.0
2020-09-28,313.3395690917969,0.0,1.0
2020-09-29,311.633056640625,0.0,1.0
2020-09-30,313.995849609375,0.0,1.0
2020-10-01,316.01177978515625,0.0,1.0
2020-10-02,313.01141357421875,0.0,1.0
2020-10-05,318.5620422363281,0.0,1.0
2020-10-06,314.03338623046875,0.0,1.0
2020-10-07,319.4996643066406,0.0,1.0
2020-10-08,322.331298828125,0.0,0.0
2020-10-09,325.209716796875,0.0,0.0
2020-10-12,330.4415588378906,0.0,0.0
2020-10-13,328.2850036621094,0.0,0.0
2020-10-14,326.22235107421875,0.0,0.0
2020-10-15,325.81915283203125,0.0,0.0
2020-10-16,325.62225341796875,0.0,0.0
2020-10-19,320.671630859375,0.0,0.0
2020-10-20,321.95623779296875,0.0,0.0
2020-10-21,321.34674072265625,0.0,0.0
2020-10-22,323.109375,0.0,0.0
2020-10-23,324.2064819335937,0.0,0.0
2020-10-26,318.2151794433594,0.0,1.0
2020-10-27,317.1181335449219,0.0,0.0
2020-10-28,306.27935791015625,0.0,0.0
2020-10-29,309.3922119140625,0.0,0.0
2020-10-30,306.1669311523437,0.0,0.0
2020-11-02,309.5984802246094,0.0,0.0
2020-11-03,315.06475830078125,0.0,0.0
2020-11-04,322.106201171875,0.0,0.0
2020-11-05,328.3881530761719,0.0,0.0
2020-11-06,328.31317138671875,0.0,1.0
2020-11-09,332.4386291503906,0.0,1.0
2020-11-10,331.9510803222656,0.0,1.0
2020-11-11,334.41705322265625,0.0,0.0
2020-11-12,331.1728515625,0.0,0.0
2020-11-13,335.7578125,0.0,1.0
2020-11-16,339.9488830566406,0.0,0.0
2020-11-17,338.1205749511719,0.0,1.0
2020-11-18,334.0513610839844,0.0,1.0
2020-11-19,335.45770263671875,0.0,1.0
2020-11-20,333.1606750488281,0.0,1.0
2020-11-23,335.1576843261719,0.0,1.0
2020-11-24,340.558349609375,0.0,1.0
2020-11-25,340.0332946777344,0.0,1.0
2020-11-27,340.9802551269531,0.0,1.0
2020-11-30,339.470703125,0.0,1.0
2020-12-01,343.1836242675781,0.0,0.0
2020-12-02,343.90557861328125,0.0,0.0
2020-12-03,343.8117980957031,0.0,0.0
2020-12-04,346.7747497558594,0.0,0.0
2020-12-07,346.0622253417969,0.0,1.0
2020-12-08,347.0747375488281,0.0,1.0
2020-12-09,343.9618835449219,0.0,1.0
2020-12-10,343.8493957519531,0.0,1.0
2020-12-11,343.4461669921875,0.0,1.0
2020-12-14,341.9085693359375,0.0,1.0
2020-12-15,346.53094482421875,0.0,1.0
2020-12-16,347.0747375488281,0.0,1.0
2020-12-17,349.0155639648437,0.0,1.0
2020-12-18,347.6219787597656,0.0,1.0
2020-12-21,346.3790588378906,0.0,1.0
2020-12-22,345.7953186035156,0.0,1.0
2020-12-23,346.1060485839844,0.0,1.0
2020-12-24,347.4525146484375,0.0,1.0
2020-12-28,350.4374694824219,0.0,1.0
2020-12-29,349.7688293457031,0.0,1.0
2020-12-30,350.2679443359375,0.0,1.0
2020-12-31,352.0474853515625,0.0,1.0
2021-01-04,347.2549133300781,0.0,1.0
2021-01-05,349.6463928222656,0.0,1.0
2021-01-06,351.7367858886719,0.0,1.0
2021-01-07,356.9627380371094,0.0,0.0
2021-01-08,358.99664306640625,0.0,1.0
2021-01-11,356.5766906738281,0.0,1.0
2021-01-12,356.6520080566406,0.0,1.0
2021-01-13,357.6124572753906,0.0,1.0
2021-01-14,356.360107421875,0.0,1.0
2021-01-15,353.7613830566406,0.0,0.0
2021-01-19,356.5390625,0.0,0.0
2021-01-20,361.4730224609375,0.0,0.0
2021-01-21,361.8025512695313,0.0,0.0
2021-01-22,360.5220642089844,0.0,0.0
2021-01-25,361.94384765625,0.0,0.0
2021-01-26,361.37890625,0.0,1.0
2021-01-27,352.5466613769531,0.0,1.0
2021-01-28,355.5785827636719,0.0,1.0
2021-01-29,348.4599914550781,0.0,1.0
2021-02-01,354.26031494140625,0.0,1.0
2021-02-02,359.2696228027344,0.0,1.0
2021-02-03,359.5521850585937,0.0,1.0
2021-02-04,363.63873291015625,0.0,0.0
2021-02-05,365.0699768066406,0.0,1.0
2021-02-08,367.7065124511719,0.0,0.0
2021-02-09,367.4615783691406,0.0,0.0
2021-02-10,367.301513671875,0.0,0.0
2021-02-11,367.8948059082031,0.0,0.0
2021-02-12,369.7120971679688,0.0,0.0
2021-02-16,369.3919372558594,0.0,0.0
2021-02-17,369.4766845703125,0.0,0.0
2021-02-18,367.9042053222656,0.0,0.0
2021-02-19,367.2544860839844,0.0,0.0
2021-02-22,364.42962646484375,0.0,0.0
2021-02-23,364.8722534179688,0.0,0.0
2021-02-24,368.8929443359375,0.0,0.0
2021-02-25,360.0041809082031,0.0,0.0
2021-02-26,358.1491394042969,0.0,1.0
2021-03-01,366.8307800292969,0.0,0.0
2021-03-02,363.9682922363281,0.0,0.0
2021-03-03,359.14727783203125,0.0,0.0
2021-03-04,354.7029113769531,0.0,1.0
2021-03-05,361.2282104492188,0.0,0.0
2021-03-08,359.42974853515625,0.0,0.0
2021-03-09,364.5615234375,0.0,0.0
2021-03-10,366.8307800292969,0.0,0.0
2021-03-11,370.5500183105469,0.0,0.0
2021-03-12,371.0491333007813,0.0,0.0
2021-03-15,373.261962890625,0.0,0.0
2021-03-16,372.79107666015625,0.0,0.0
2021-03-17,374.0622863769531,0.0,0.0
2021-03-18,368.6197814941406,0.0,0.0
2021-03-19,367.9378051757813,0.0,1.0
2021-03-22,370.8757629394531,0.0,1.0
2021-03-23,367.9566345214844,0.0,1.0
2021-03-24,366.086181640625,0.0,0.0
2021-03-25,368.1456604003906,0.0,0.0
2021-03-26,374.07818603515625,0.0,0.0
2021-03-29,373.8892822265625,0.0,0.0
2021-03-30,372.89739990234375,0.0,0.0
2021-03-31,374.4088439941406,0.0,1.0
2021-04-01,378.4521789550781,0.0,1.0
2021-04-05,383.8840942382813,0.0,0.0
2021-04-06,383.6573486328125,0.0,1.0
2021-04-07,384.1013793945313,0.0,1.0
2021-04-08,385.924560546875,0.0,1.0
2021-04-09,388.7303466796875,0.0,1.0
2021-04-12,388.8721008300781,0.0,1.0
2021-04-13,390.0245666503906,0.0,0.0
2021-04-14,388.6925354003906,0.0,1.0
2021-04-15,392.86810302734375,0.0,1.0
2021-04-16,394.1811828613281,0.0,0.0
2021-04-19,392.2445373535156,0.0,1.0
2021-04-20,389.372802734375,0.0,1.0
2021-04-21,393.05706787109375,0.0,1.0
2021-04-22,389.46722412109375,0.0,1.0
2021-04-23,393.68994140625,0.0,0.0
2021-04-26,394.5118408203125,0.0,0.0
2021-04-27,394.4268493652344,0.0,1.0
2021-04-28,394.3135070800781,0.0,1.0
2021-04-29,396.8263244628906,0.0,0.0
2021-04-30,394.218994140625,0.0,0.0
2021-05-03,395.0692138671875,0.0,0.0
2021-05-04,392.6318664550781,0.0,0.0
2021-05-05,392.7547302246094,0.0,1.0
2021-05-06,395.89111328125,0.0,0.0
2021-05-07,398.7724609375,0.0,0.0
2021-05-10,394.82366943359375,0.0,0.0
2021-05-11,391.2999267578125,0.0,1.0
2021-05-12,382.9866638183594,0.0,1.0
2021-05-13,387.5873718261719,0.0,1.0
2021-05-14,393.5388488769531,0.0,0.0
2021-05-17,392.5374450683594,0.0,0.0
2021-05-18,389.155517578125,0.0,1.0
2021-05-19,388.1352233886719,0.0,1.0
2021-05-20,392.3107299804688,0.0,0.0
2021-05-21,391.9895935058594,0.0,1.0
2021-05-24,395.9855651855469,0.0,0.0
2021-05-25,395.1069946289063,0.0,0.0
2021-05-26,395.89111328125,0.0,1.0
2021-05-27,396.0989685058594,0.0,0.0
2021-05-28,396.8074340820313,0.0,1.0
2021-06-01,396.45794677734375,0.0,1.0
2021-06-02,397.0814208984375,0.0,1.0
2021-06-03,395.6077575683594,0.0,1.0
2021-06-04,399.2258911132813,0.0,1.0
2021-06-07,398.8385925292969,0.0,0.0
2021-06-08,398.923583984375,0.0,0.0
2021-06-09,398.3284301757813,0.0,0.0
2021-06-10,400.1800231933594,0.0,0.0
2021-06-11,400.8412780761719,0.0,0.0
2021-06-14,401.73870849609375,0.0,0.0
2021-06-15,401.001953125,0.0,1.0
2021-06-16,398.762939453125,0.0,1.0
2021-06-17,398.6307067871094,0.0,0.0
2021-06-18,393.2530517578125,0.0,0.0
2021-06-21,398.88287353515625,0.0,0.0
2021-06-22,401.0153503417969,0.0,1.0
2021-06-23,400.5319519042969,0.0,1.0
2021-06-24,402.90142822265625,0.0,1.0
2021-06-25,404.3325805664063,0.0,1.0
2021-06-28,405.147705078125,0.0,1.0
2021-06-29,405.3656311035156,0.0,1.0
2021-06-30,405.7068481445313,0.0,1.0
2021-07-01,407.953125,0.0,1.0
2021-07-02,411.0712585449219,0.0,1.0
2021-07-06,410.3225402832031,0.0,1.0
2021-07-07,411.7726440429688,0.0,0.0
2021-07-08,408.4175415039063,0.0,0.0
2021-07-09,412.7773132324219,0.0,0.0
2021-07-12,414.25579833984375,0.0,0.0
2021-07-13,412.84368896484375,0.0,0.0
2021-07-14,413.459716796875,0.0,1.0
2021-07-15,412.0474853515625,0.0,1.0
2021-07-16,408.8155822753906,0.0,1.0
2021-07-19,402.7781982421875,0.0,1.0
2021-07-20,408.5502624511719,0.0,1.0
2021-07-21,411.8579711914063,0.0,1.0
2021-07-22,412.7203979492188,0.0,0.0
2021-07-23,416.9665222167969,0.0,1.0
2021-07-26,417.9901123046875,0.0,0.0
2021-07-27,416.08502197265625,0.0,1.0
2021-07-28,415.9143981933594,0.0,1.0
2021-07-29,417.6394653320313,0.0,1.0
2021-07-30,415.6112060546875,0.0,1.0
2021-08-02,414.73919677734375,0.0,1.0
2021-08-03,418.11328125,0.0,1.0
2021-08-04,416.056640625,0.0,1.0
2021-08-05,418.6914367675781,0.0,1.0
2021-08-06,419.3834228515625,0.0,1.0
2021-08-09,419.0421142578125,0.0,0.0
2021-08-10,419.5633544921875,0.0,0.0
2021-08-11,420.60595703125,0.0,0.0
2021-08-12,421.8664855957031,0.0,1.0
2021-08-13,422.63421630859375,0.0,1.0
2021-08-16,423.6293640136719,0.0,1.0
2021-08-17,420.8523864746094,0.0,1.0
2021-08-18,416.24615478515625,0.0,1.0
2021-08-19,416.8905944824219,0.0,0.0
2021-08-20,420.2078857421875,0.0,0.0
2021-08-23,423.9042663574219,0.0,0.0
2021-08-24,424.5771484375,0.0,1.0
2021-08-25,425.4680480957031,0.0,1.0
2021-08-26,422.9564208984375,0.0,1.0
2021-08-27,426.7380676269531,0.0,1.0
2021-08-30,428.61468505859375,0.0,0.0
2021-08-31,427.9797058105469,0.0,0.0
2021-09-01,428.2072143554688,0.0,0.0
2021-09-02,429.5246276855469,0.0,0.0
2021-09-03,429.4202880859375,0.0,0.0
2021-09-07,427.8849182128906,0.0,0.0
2021-09-08,427.3636779785156,0.0,0.0
2021-09-09,425.5343933105469,0.0,0.0
2021-09-10,422.1793518066406,0.0,0.0
2021-09-13,423.2597961425781,0.0,0.0
2021-09-14,420.9756774902344,0.0,0.0
2021-09-15,424.4918212890625,0.0,0.0
2021-09-16,423.8189392089844,0.0,0.0
2021-09-17,419.6905212402344,0.0,0.0
2021-09-20,412.6924743652344,0.0,0.0
2021-09-21,412.30267333984375,1.0,0.0
2021-09-22,416.3245849609375,1.0,0.0
2021-09-23,421.3830261230469,1.0,0.0
2021-09-24,422.0770568847656,0.0,0.0
2021-09-27,420.8695373535156,0.0,0.0
2021-09-28,412.3882446289063,0.0,1.0
2021-09-29,413.0823669433594,0.0,1.0
2021-09-30,408.0335388183594,0.0,1.0
2021-10-01,412.8826599121094,0.0,0.0
2021-10-04,407.5580749511719,0.0,1.0
2021-10-05,411.7987060546875,0.0,0.0
2021-10-06,413.5101318359375,0.0,0.0
2021-10-07,417.0852661132813,0.0,0.0
2021-10-08,416.3245849609375,0.0,0.0
2021-10-11,413.310546875,0.0,1.0
2021-10-12,412.2931213378906,0.0,1.0
2021-10-13,413.7763977050781,0.0,0.0
2021-10-14,420.7364196777344,0.0,0.0
2021-10-15,423.9406433105469,0.0,1.0
2021-10-18,425.1956787109375,0.0,1.0
2021-10-19,428.47607421875,0.0,1.0
2021-10-20,430.1589965820313,0.0,1.0
2021-10-21,431.2809448242188,0.0,1.0
2021-10-22,430.8340759277344,0.0,1.0
2021-10-25,433.1445617675781,0.0,1.0
2021-10-26,433.5343627929688,0.0,1.0
2021-10-27,431.61376953125,0.0,1.0
2021-10-28,435.7783203125,0.0,1.0
2021-10-29,436.6626281738281,0.0,1.0
2021-11-01,437.4136962890625,0.0,1.0
2021-11-02,439.1823425292969,0.0,1.0
2021-11-03,441.8635559082031,0.0,1.0
2021-11-04,443.9458312988281,0.0,1.0
2021-11-05,445.4861755371094,0.0,1.0
2021-11-08,445.8664855957031,0.0,0.0
2021-11-09,444.3927307128906,0.0,1.0
2021-11-10,440.8176879882813,0.0,1.0
2021-11-11,440.9602966308594,0.0,1.0
2021-11-12,444.2881774902344,0.0,1.0
2021-11-15,444.4402465820313,0.0,1.0
2021-11-16,446.19921875,0.0,0.0
2021-11-17,445.1153869628906,0.0,0.0
2021-11-18,446.6271362304688,0.0,0.0
2021-11-19,445.8284606933594,0.0,0.0
2021-11-22,444.5732727050781,0.0,0.0
2021-11-23,445.1628723144531,0.0,0.0
2021-11-24,446.3514099121094,0.0,0.0
2021-11-26,436.3963623046875,0.0,1.0
2021-11-29,441.7494201660156,0.0,1.0
2021-11-30,433.1540832519531,0.0,1.0
2021-12-01,428.3429260253906,0.0,1.0
2021-12-02,434.9035034179688,0.0,0.0
2021-12-03,431.1192932128906,0.0,0.0
2021-12-06,436.2252197265625,0.0,0.0
2021-12-07,445.24847412109375,1.0,0.0
2021-12-08,446.427490234375,1.0,0.0
2021-12-09,443.4133911132813,0.0,0.0
2021-12-10,447.5874328613281,0.0,0.0
2021-12-13,443.6225891113281,0.0,1.0
2021-12-14,440.5704956054688,0.0,1.0
2021-12-15,447.4543762207031,0.0,0.0
2021-12-16,443.5084838867188,0.0,0.0
2021-12-17,438.7882385253906,0.0,1.0
2021-12-20,434.1224670410156,0.0,1.0
2021-12-21,441.8320007324219,0.0,1.0
2021-12-22,446.2497863769531,0.0,0.0
2021-12-23,449.0263671875,0.0,0.0
2021-12-27,455.3810424804688,0.0,0.0
2021-12-28,455.0089416503906,0.0,0.0
2021-12-29,455.5910339355469,0.0,0.0
2021-12-30,454.3315124511719,1.0,0.0
2021-12-31,453.1864929199219,1.0,0.0
2022-01-03,455.8104248046875,0.0,0.0
2022-01-04,455.6577453613281,0.0,0.0
2022-01-05,446.908203125,0.0,0.0
2022-01-06,446.4883117675781,0.0,0.0
2022-01-07,444.7231140136719,0.0,0.0
2022-01-10,444.1697082519531,0.0,0.0
2022-01-11,448.21527099609375,0.0,0.0
2022-01-12,449.4271240234375,0.0,0.0
2022-01-13,443.2345886230469,0.0,0.0
2022-01-14,443.41595458984375,0.0,0.0
2022-01-18,435.563232421875,0.0,0.0
2022-01-19,431.0405578613281,0.0,0.0
2022-01-20,426.2697143554688,0.0,1.0
2022-01-21,417.90179443359375,0.0,1.0
2022-01-24,419.6764526367188,0.0,1.0
2022-01-25,414.55267333984375,0.0,1.0
2022-01-26,413.5126647949219,0.0,1.0
2022-01-27,411.470703125,0.0,1.0
2022-01-28,421.6897583007813,0.0,0.0
2022-01-31,429.2848510742188,0.0,0.0
2022-02-01,432.18548583984375,1.0,0.0
2022-02-02,436.3838195800781,1.0,0.0
2022-02-03,426.1266174316406,1.0,0.0
2022-02-04,428.1303405761719,1.0,0.0
2022-02-07,426.7563781738281,1.0,0.0
2022-02-08,430.26763916015625,1.0,0.0
2022-02-09,436.5650939941406,1.0,0.0
2022-02-10,428.721923828125,1.0,0.0
2022-02-11,420.2680969238281,0.0,0.0
2022-02-14,418.8940734863281,0.0,0.0
2022-02-15,425.6495361328125,1.0,0.0
2022-02-16,426.1266174316406,1.0,0.0
2022-02-17,417.0238952636719,0.0,0.0
2022-02-18,414.32373046875,0.0,1.0
2022-02-22,409.8773193359375,0.0,1.0
2022-02-23,402.6066589355469,0.0,1.0
2022-02-24,408.6654968261719,0.0,0.0
2022-02-25,417.6822509765625,1.0,0.0
2022-02-28,416.6137390136719,1.0,0.0
2022-03-01,410.2685241699219,0.0,0.0
2022-03-02,417.81591796875,1.0,0.0
2022-03-03,415.7358093261719,1.0,0.0
2022-03-04,412.3581848144531,0.0,0.0
2022-03-07,400.2021789550781,0.0,1.0
2022-03-08,397.16790771484375,0.0,1.0
2022-03-09,407.81634521484375,0.0,0.0
2022-03-10,405.9748229980469,0.0,0.0
2022-03-11,400.8128662109375,0.0,1.0
2022-03-14,397.883544921875,0.0,1.0
2022-03-15,406.6331787109375,0.0,0.0
2022-03-16,415.6499328613281,0.0,0.0
2022-03-17,420.85009765625,0.0,0.0
2022-03-18,425.4595642089844,0.0,1.0
2022-03-21,425.3351745605469,0.0,1.0
2022-03-22,430.3121948242188,0.0,1.0
2022-03-23,424.7704772949219,0.0,1.0
2022-03-24,431.1736450195313,0.0,1.0
2022-03-25,433.279296875,0.0,0.0
2022-03-28,436.36126708984375,0.0,0.0
2022-03-29,441.7593688964844,0.0,0.0
2022-03-30,439.0316162109375,0.0,0.0
2022-03-31,432.2742614746094,0.0,0.0
2022-04-01,433.4994201660156,0.0,0.0
2022-04-04,437.2130126953125,0.0,0.0
2022-04-05,431.69049072265625,0.0,0.0
2022-04-06,427.3738098144531,0.0,0.0
2022-04-07,429.5273132324219,0.0,0.0
2022-04-08,428.37884521484375,0.0,0.0
2022-04-11,421.0568542480469,0.0,0.0
2022-04-12,419.4967651367188,1.0,0.0
2022-04-13,424.3015441894531,0.0,0.0
2022-04-14,419.0181884765625,1.0,0.0
2022-04-18,419.1904296875,0.0,0.0
2022-04-19,425.9573364257813,1.0,0.0
2022-04-20,425.6414794921875,0.0,0.0
2022-04-21,419.276611328125,0.0,0.0
2022-04-22,407.77191162109375,0.0,0.0
2022-04-25,410.1361389160156,0.0,0.0
2022-04-26,398.25823974609375,0.0,0.0
2022-04-27,399.37799072265625,0.0,0.0
2022-04-28,409.466064453125,1.0,0.0
2022-04-29,394.333984375,0.0,0.0
2022-05-02,396.7077026367188,0.0,0.0
2022-05-03,398.5262756347656,0.0,0.0
2022-05-04,410.66253662109375,1.0,0.0
2022-05-05,396.06634521484375,0.0,0.0
2022-05-06,393.7022705078125,0.0,0.0
2022-05-09,381.0970153808594,0.0,0.0
2022-05-10,381.9775695800781,0.0,0.0
2022-05-11,375.909423828125,0.0,0.0
2022-05-12,375.5169982910156,0.0,0.0
2022-05-13,384.4947814941406,1.0,0.0
2022-05-16,382.9346618652344,1.0,0.0
2022-05-17,390.8117980957031,1.0,0.0
2022-05-18,375.05755615234375,0.0,1.0
2022-05-19,372.7604370117188,0.0,1.0
2022-05-20,372.9232177734375,0.0,0.0
2022-05-23,379.9006652832031,0.0,0.0
2022-05-24,377.0005493164063,0.0,0.0
2022-05-25,380.331298828125,0.0,0.0
2022-05-26,387.9308471679688,0.0,0.0
2022-05-27,397.4542541503906,0.0,0.0
2022-05-31,395.22412109375,0.0,0.0
2022-06-01,392.0273742675781,0.0,0.0
2022-06-02,399.492919921875,0.0,0.0
2022-06-03,392.9366455078125,0.0,0.0
2022-06-06,394.133056640625,0.0,0.0
2022-06-07,397.9136657714844,0.0,0.0
2022-06-08,393.5874328613281,0.0,0.0
2022-06-09,384.2268371582031,0.0,0.0
2022-06-10,373.08587646484375,0.0,0.0
2022-06-13,358.92059326171875,0.0,1.0
2022-06-14,357.83892822265625,0.0,1.0
2022-06-15,362.9404602050781,0.0,0.0
2022-06-16,350.92852783203125,0.0,0.0
2022-06-17,351.6850891113281,0.0,0.0
2022-06-21,360.5382690429688,0.0,1.0
2022-06-22,359.8845520019531,0.0,1.0
2022-06-23,363.4124145507813,0.0,1.0
2022-06-24,374.9666748046875,0.0,0.0
2022-06-27,373.534423828125,0.0,1.0
2022-06-28,365.9020690917969,0.0,1.0
2022-06-29,365.6040649414063,0.0,0.0
2022-06-30,362.6337890625,0.0,0.0
2022-07-01,366.4692077636719,1.0,0.0
2022-07-05,367.1612854003906,0.0,0.0
2022-07-06,368.40130615234375,0.0,1.0
2022-07-07,373.9189758300781,0.0,0.0
2022-07-08,373.6113586425781,0.0,1.0
2022-07-11,369.3433837890625,0.0,1.0
2022-07-12,366.0750732421875,0.0,1.0
2022-07-13,364.1525573730469,0.0,0.0
2022-07-14,363.2681884765625,0.0,0.0
2022-07-15,370.20849609375,0.0,0.0
2022-07-18,367.1516723632813,0.0,0.0
2022-07-19,377.0718688964844,0.0,0.0
2022-07-20,379.4749755859375,0.0,1.0
2022-07-21,383.3392028808594,0.0,1.0
2022-07-22,379.7825622558594,0.0,1.0
2022-07-25,380.2439880371094,0.0,1.0
2022-07-26,375.7453002929688,0.0,1.0
2022-07-27,385.5020446777344,0.0,0.0
2022-07-28,390.3371887207031,0.0,0.0
2022-07-29,396.02777099609375,0.0,0.0
2022-08-01,394.8550415039063,0.0,1.0
2022-08-02,392.25006103515625,0.0,1.0
2022-08-03,398.3924865722656,0.0,1.0
2022-08-04,398.1233520507813,0.0,1.0
2022-08-05,397.4504699707031,0.0,1.0
2022-08-08,396.9890441894531,0.0,0.0
2022-08-09,395.4126281738281,0.0,1.0
2022-08-10,403.7178039550781,0.0,1.0
2022-08-11,403.7178039550781,0.0,0.0
2022-08-12,410.5524291992188,0.0,0.0
2022-08-15,412.2441711425781,0.0,0.0
2022-08-16,413.0516662597656,0.0,0.0
2022-08-17,410.1198120117188,0.0,0.0
2022-08-18,411.3117980957031,0.0,0.0
2022-08-19,405.78460693359375,0.0,0.0
2022-08-22,397.3351135253906,0.0,0.0
2022-08-23,396.3739013671875,0.0,0.0
2022-08-24,397.6427001953125,0.0,0.0
2022-08-25,403.2564392089844,0.0,0.0
2022-08-26,389.6066284179688,0.0,0.0
2022-08-29,387.0304565429688,0.0,0.0
2022-08-30,382.78167724609375,0.0,1.0
2022-08-31,379.86907958984375,0.0,1.0
2022-09-01,381.06103515625,0.0,0.0
2022-09-02,377.0429992675781,0.0,0.0
2022-09-06,375.620361328125,0.0,0.0
2022-09-07,382.3683776855469,0.0,0.0
2022-09-08,384.8675537109375,0.0,0.0
2022-09-09,390.8465576171875,0.0,0.0
2022-09-12,395.04736328125,0.0,0.0
2022-09-13,377.8696899414063,0.0,0.0
2022-09-14,379.31158447265625,0.0,0.0
2022-09-15,375.005126953125,0.0,0.0
2022-09-16,372.1442260742188,0.0,0.0
2022-09-19,375.03021240234375,0.0,0.0
2022-09-20,370.7254028320313,0.0,0.0
2022-09-21,364.2585754394531,0.0,0.0
2022-09-22,361.1988525390625,0.0,0.0
2022-09-23,355.14703369140625,0.0,0.0
2022-09-26,351.6336975097656,0.0,1.0
2022-09-27,350.7360534667969,0.0,0.0
2022-09-28,357.63726806640625,1.0,0.0
2022-09-29,350.1665344238281,0.0,0.0
2022-09-30,344.7518005371094,0.0,0.0
2022-10-03,353.8536376953125,1.0,0.0
2022-10-04,364.818359375,1.0,0.0
2022-10-05,363.968994140625,1.0,0.0
2022-10-06,360.2142944335937,0.0,0.0
2022-10-07,350.1665344238281,0.0,1.0
2022-10-10,347.492919921875,0.0,1.0
2022-10-11,345.2922668457031,0.0,1.0
2022-10-12,344.1532897949219,0.0,1.0
2022-10-13,353.23590087890625,0.0,0.0
2022-10-14,345.1861572265625,0.0,1.0
2022-10-17,354.0563659667969,0.0,0.0
2022-10-18,358.2163391113281,0.0,0.0
2022-10-19,355.6778564453125,0.0,1.0
2022-10-20,352.6954345703125,0.0,1.0
2022-10-21,361.2663879394531,0.0,0.0
2022-10-24,365.68701171875,0.0,0.0
2022-10-25,371.5265197753906,0.0,0.0
2022-10-26,368.7273559570313,0.0,0.0
2022-10-27,366.7584838867188,0.0,0.0
2022-10-28,375.4838562011719,0.0,0.0
2022-10-31,372.7716064453125,0.0,0.0
2022-11-01,371.1404418945313,0.0,1.0
2022-11-02,361.8262023925781,0.0,1.0
2022-11-03,358.1005554199219,0.0,0.0
2022-11-04,363.2546997070313,0.0,0.0
2022-11-07,366.7294921875,0.0,1.0
2022-11-08,368.7080993652344,0.0,1.0
2022-11-09,361.1119689941406,0.0,1.0
2022-11-10,380.9566040039063,0.0,0.0
2022-11-11,384.6436767578125,0.0,1.0
2022-11-14,381.3716430664063,0.0,1.0
2022-11-15,384.6243896484375,0.0,1.0
2022-11-16,381.6901245117188,0.0,1.0
2022-11-17,380.522216796875,0.0,1.0
2022-11-18,382.24993896484375,0.0,1.0
2022-11-21,380.8600463867188,0.0,1.0
2022-11-22,385.9852600097656,0.0,1.0
2022-11-23,388.4176635742188,0.0,0.0
2022-11-25,388.3307189941406,0.0,0.0
2022-11-28,382.1340942382813,0.0,0.0
2022-11-29,381.4778137207031,0.0,1.0
2022-11-30,393.4945983886719,0.0,0.0
2022-12-01,393.20501708984375,0.0,0.0
2022-12-02,392.7513732910156,0.0,0.0
2022-12-05,385.6860656738281,0.0,0.0
2022-12-06,380.1265258789063,0.0,0.0
2022-12-07,379.4798583984375,0.0,0.0
2022-12-08,382.4527282714844,0.0,0.0
2022-12-09,379.59564208984375,0.0,0.0
2022-12-12,385.068359375,0.0,0.0
2022-12-13,387.9832763671875,0.0,0.0
2022-12-14,385.5027465820313,0.0,0.0
2022-12-15,376.0726318359375,0.0,0.0
2022-12-16,371.6326599121094,0.0,0.0
2022-12-19,368.4813232421875,0.0,1.0
2022-12-20,368.985595703125,0.0,1.0
2022-12-21,374.5028381347656,0.0,0.0
2022-12-22,369.1601257324219,0.0,0.0
2022-12-23,371.2836608886719,0.0,0.0
2022-12-27,369.8194885253906,0.0,1.0
2022-12-28,365.223388671875,0.0,1.0
2022-12-29,371.7975463867188,0.0,0.0
2022-12-30,370.8181762695313,0.0,1.0
2023-01-03,369.2571105957031,0.0,1.0
2023-01-04,372.1078186035156,0.0,1.0
2023-01-05,367.8607482910156,0.0,1.0
2023-01-06,376.2966003417969,0.0,0.0
2023-01-09,376.0833435058594,0.0,1.0
2023-01-10,378.7207336425781,0.0,1.0
2023-01-11,383.5107421875,0.0,1.0
2023-01-12,384.906982421875,0.0,1.0
2023-01-13,386.4002075195313,0.0,1.0
2023-01-17,385.6923522949219,0.0,1.0
2023-01-18,379.6031188964844,0.0,1.0
2023-01-19,376.8396606445313,0.0,1.0
2023-01-20,383.8598327636719,0.0,1.0
2023-01-23,388.4656066894531,0.0,1.0
2023-01-24,388.0486450195313,0.0,1.0
2023-01-25,388.194091796875,0.0,1.0
2023-01-26,392.4604797363281,0.0,1.0
2023-01-27,393.36224365234375,0.0,1.0
2023-01-30,388.42681884765625,0.0,1.0
2023-01-31,394.1380004882813,0.0,1.0
2023-02-01,398.3267822265625,0.0,0.0
2023-02-02,404.125244140625,0.0,0.0
2023-02-03,399.8297119140625,0.0,0.0
2023-02-06,397.3862915039063,0.0,1.0
2023-02-07,402.5835266113281,0.0,0.0
2023-02-08,398.181396484375,0.0,0.0
2023-02-09,394.7294616699219,0.0,0.0
2023-02-10,395.6505737304688,0.0,0.0
2023-02-13,400.2950744628906,0.0,0.0
2023-02-14,400.1109619140625,0.0,0.0
2023-02-15,401.4102783203125,0.0,0.0
2023-02-16,395.8832702636719,0.0,0.0
2023-02-17,394.894287109375,0.0,0.0
2023-02-21,386.9723510742188,0.0,0.0
2023-02-22,386.4389953613281,0.0,1.0
2023-02-23,388.4946594238281,0.0,0.0
2023-02-24,384.3446350097656,0.0,0.0
2023-02-27,385.6536560058594,0.0,0.0
2023-02-28,384.2283020019531,0.0,0.0
2023-03-01,382.7544250488281,0.0,0.0
2023-03-02,385.7311706542969,0.0,0.0
2023-03-03,391.9175109863281,0.0,0.0
2023-03-06,392.1889953613281,0.0,0.0
2023-03-07,386.1772155761719,0.0,0.0
2023-03-08,386.8074951171875,0.0,0.0
2023-03-09,379.6709899902344,0.0,0.0
2023-03-10,374.1925048828125,0.0,0.0
2023-03-13,373.65924072265625,0.0,1.0
2023-03-14,379.8358459472656,0.0,1.0
2023-03-15,377.460205078125,0.0,1.0
2023-03-16,384.0827941894531,0.0,1.0
2023-03-17,379.59185791015625,0.0,1.0
2023-03-20,383.2418212890625,0.0,1.0
2023-03-21,388.2740173339844,0.0,1.0
2023-03-22,381.65533447265625,0.0,1.0
2023-03-23,382.6870422363281,0.0,1.0
2023-03-24,385.19830322265625,0.0,1.0
2023-03-27,385.9185180664063,0.0,1.0
2023-03-28,385.0522766113281,0.0,1.0
2023-03-29,390.64892578125,0.0,1.0
2023-03-30,392.9363098144531,0.0,1.0
2023-03-31,398.474609375,0.0,0.0
2023-04-03,399.9930114746094,0.0,1.0
2023-04-04,397.7738037109375,0.0,1.0
2023-04-05,396.7323303222656,0.0,1.0
2023-04-06,398.2799682617188,0.0,1.0
2023-04-10,398.6887512207031,0.0,1.0
2023-04-11,398.7958068847656,0.0,1.0
2023-04-12,397.1703186035156,0.0,1.0
2023-04-13,402.44580078125,0.0,0.0
2023-04-14,401.4627075195313,0.0,0.0
2023-04-17,402.9032897949219,0.0,0.0
2023-04-18,403.1661071777344,0.0,0.0
2023-04-19,403.0979614257813,0.0,1.0
2023-04-20,400.8982238769531,0.0,1.0
2023-04-21,401.209716796875,0.0,0.0
2023-04-24,401.6282348632813,0.0,0.0
2023-04-25,395.25286865234375,0.0,0.0
2023-04-26,393.5787658691406,0.0,1.0
2023-04-27,401.4140625,0.0,0.0
2023-04-28,404.8402404785156,0.0,0.0
2023-05-01,404.4314575195313,0.0,0.0
2023-05-02,399.8859558105469,0.0,1.0
2023-05-03,397.1411437988281,0.0,1.0
2023-05-04,394.3281555175781,0.0,1.0
2023-05-05,401.6282348632813,0.0,0.0
2023-05-08,401.7352600097656,0.0,1.0
2023-05-09,399.9734802246094,0.0,1.0
2023-05-10,401.8423156738281,0.0,1.0
2023-05-11,401.14154052734375,0.0,1.0
2023-05-12,400.6158752441406,0.0,1.0
2023-05-15,401.9980773925781,1.0,0.0
2023-05-16,399.3117065429688,0.0,1.0
2023-05-17,404.1588745117188,0.0,0.0
2023-05-18,408.0522766113281,0.0,1.0
2023-05-19,407.4584655761719,0.0,0.0
2023-05-22,407.62396240234375,0.0,1.0
2023-05-23,403.04925537109375,0.0,1.0
2023-05-24,400.1292419433594,0.0,1.0
2023-05-25,403.5943298339844,0.0,1.0
2023-05-26,408.8211975097656,0.0,0.0
2023-05-30,408.9768981933594,0.0,1.0
2023-05-31,406.7090759277344,0.0,1.0
2023-06-01,410.5732116699219,0.0,1.0
2023-06-02,416.5105285644531,0.0,1.0
2023-06-05,415.7124328613281,0.0,1.0
2023-06-06,416.61761474609375,0.0,1.0
2023-06-07,415.1770935058594,0.0,1.0
2023-06-08,417.6882934570313,0.0,1.0
2023-06-09,418.437744140625,0.0,1.0
2023-06-12,422.2337341308594,0.0,0.0
2023-06-13,425.01751708984375,0.0,0.0
2023-06-14,425.5236206054688,0.0,0.0
2023-06-15,430.7991333007813,1.0,0.0
2023-06-16,429.3317260742188,0.0,0.0
2023-06-20,427.1042785644531,0.0,1.0
2023-06-21,424.9159240722656,0.0,1.0
2023-06-22,426.4497680664063,0.0,1.0
2023-06-23,423.2257690429688,0.0,1.0
2023-06-26,421.4965515136719,0.0,1.0
2023-06-27,426.1175842285156,0.0,1.0
2023-06-28,426.3325500488281,0.0,1.0
2023-06-29,428.0128784179688,0.0,0.0
2023-06-30,433.0637512207031,0.0,0.0
2023-07-03,433.5619812011719,0.0,1.0
2023-07-05,432.9172058105469,0.0,1.0
2023-07-06,429.5271301269531,0.0,1.0
2023-07-07,428.4426879882813,0.0,1.0
2023-07-10,429.5271301269531,0.0,1.0
2023-07-11,432.2625427246094,0.0,1.0
2023-07-12,435.7405090332031,0.0,1.0
2023-07-13,439.198974609375,0.0,0.0
2023-07-14,438.9254150390625,0.0,1.0
2023-07-17,440.4494934082031,0.0,1.0
2023-07-18,443.7222595214844,0.0,0.0
2023-07-19,444.7090148925781,0.0,0.0
2023-07-20,441.7585754394531,0.0,0.0
2023-07-21,441.7585754394531,0.0,0.0
2023-07-24,443.7320251464844,0.0,0.0
2023-07-25,444.9434814453125,1.0,0.0
2023-07-26,445.0118713378906,1.0,0.0
2023-07-27,442.06146240234375,0.0,0.0
2023-07-28,446.3893737792969,0.0,0.0
2023-07-31,447.2392883300781,0.0,0.0
2023-08-01,445.95947265625,0.0,0.0
2023-08-02,439.7558288574219,0.0,0.0
2023-08-03,438.4955749511719,0.0,0.0
2023-08-04,436.5123596191406,0.0,0.0
2023-08-07,440.3224487304688,0.0,0.0
2023-08-08,438.4076232910156,0.0,0.0
2023-08-09,435.476806640625,0.0,0.0
2023-08-10,435.6330871582031,1.0,0.0
2023-08-11,435.3790893554688,0.0,0.0
2023-08-14,437.7823486328125,1.0,0.0
2023-08-15,432.68267822265625,1.0,0.0
2023-08-16,429.5075988769531,0.0,0.0
2023-08-17,426.23486328125,0.0,0.0
2023-08-18,426.4400024414063,0.0,0.0
2023-08-21,429.2145080566406,0.0,0.0
2023-08-22,428.0519714355469,0.0,0.0
2023-08-23,432.8194580078125,0.0,1.0
2023-08-24,426.8209838867188,0.0,1.0
2023-08-25,429.83001708984375,0.0,1.0
2023-08-28,432.5556945800781,0.0,1.0
2023-08-29,438.8082275390625,0.0,0.0
2023-08-30,440.6155700683594,0.0,0.0
2023-08-31,439.97076416015625,0.0,0.0
2023-09-01,440.79144287109375,0.0,0.0
2023-09-05,438.8863220214844,0.0,1.0
2023-09-06,435.9359436035156,0.0,0.0
2023-09-07,434.5975036621094,0.0,0.0
2023-09-08,435.2520751953125,0.0,0.0
2023-09-11,438.1145935058594,0.0,0.0
2023-09-12,435.7112426757813,0.0,0.0
2023-09-13,436.2192687988281,0.0,0.0
2023-09-14,439.98052978515625,0.0,0.0
2023-09-15,434.6795349121094,0.0,0.0
2023-09-18,434.9344177246094,0.0,0.0
2023-09-19,434.0324401855469,0.0,0.0
2023-09-20,430.042236328125,0.0,0.0
2023-09-21,422.934326171875,0.0,0.0
2023-09-22,421.9833679199219,0.0,0.0
2023-09-25,423.75787353515625,1.0,0.0
2023-09-26,417.5323181152344,0.0,0.0
2023-09-27,417.6990051269531,0.0,1.0
2023-09-28,420.1205749511719,0.0,1.0
2023-09-29,419.10101318359375,0.0,1.0
2023-10-02,418.934326171875,0.0,1.0
2023-10-03,413.3263854980469,0.0,1.0
2023-10-04,416.3362426757813,0.0,1.0
2023-10-05,416.1793518066406,0.0,1.0
2023-10-06,421.12060546875,0.0,0.0
2023-10-09,423.8167114257813,1.0,0.0
2023-10-10,426.0226135253906,0.0,0.0
2023-10-11,427.7677307128906,0.0,0.0
2023-10-12,425.1598205566406,0.0,0.0
2023-10-13,423.0421142578125,0.0,0.0
2023-10-16,427.4931640625,0.0,0.0
2023-10-17,427.4735412597656,0.0,0.0
2023-10-18,421.7774658203125,0.0,0.0
2023-10-19,418.071533203125,0.0,0.0
2023-10-20,412.9342651367188,0.0,0.0
2023-10-23,412.2185363769531,0.0,1.0
2023-10-24,415.3264770507813,0.0,0.0
2023-10-25,409.3655700683594,0.0,1.0
2023-10-26,404.463623046875,0.0,1.0
2023-10-27,402.6302490234375,0.0,1.0
2023-10-30,407.4440307617188,0.0,1.0
2023-10-31,410.00286865234375,0.0,1.0
2023-11-01,414.3754577636719,0.0,0.0
2023-11-02,422.3167114257813,0.0,0.0
2023-11-03,426.169677734375,0.0,0.0
2023-11-06,427.1500549316406,0.0,0.0
2023-11-07,428.36572265625,0.0,0.0
2023-11-08,428.679443359375,0.0,0.0
2023-11-09,425.3362731933594,0.0,0.0
2023-11-10,431.97357177734375,0.0,0.0
2023-11-13,431.5618286132813,0.0,1.0
2023-11-14,439.9344482421875,0.0,1.0
2023-11-15,440.8658142089844,0.0,1.0
2023-11-16,441.4050903320313,0.0,1.0
2023-11-17,441.9541320800781,0.0,1.0
2023-11-20,445.3560485839844,0.0,1.0
2023-11-21,444.3854675292969,0.0,1.0
2023-11-22,446.1011657714844,0.0,1.0
2023-11-24,446.3756408691406,0.0,1.0
2023-11-27,445.5717468261719,0.0,0.0
2023-11-28,446.0129699707031,0.0,1.0
2023-11-29,445.69921875,0.0,1.0
2023-11-30,447.4541015625,0.0,0.0
2023-12-01,450.1011657714844,0.0,0.0
2023-12-04,447.7384338378906,0.0,1.0
2023-12-05,447.6502380371094,0.0,1.0
2023-12-06,445.8462829589844,0.0,1.0
2023-12-07,449.2482604980469,0.0,1.0
2023-12-08,451.17962646484375,0.0,1.0
2023-12-11,452.9345397949219,0.0,1.0
2023-12-12,455.0032043457031,0.0,1.0
2023-12-13,461.2777404785156,0.0,1.0
2023-12-14,462.7581176757813,0.0,0.0
2023-12-15,461.9962158203125,0.0,1.0
2023-12-18,464.594970703125,0.0,0.0
2023-12-19,467.4201354980469,0.0,0.0
2023-12-20,460.9429321289063,0.0,1.0
2023-12-21,465.3135681152344,0.0,0.0
2023-12-22,466.2486877441406,0.0,0.0
2023-12-26,468.2174377441406,0.0,0.0
2023-12-27,469.0640563964844,0.0,0.0
2023-12-28,469.2412109375,0.0,0.0
2023-12-29,467.8827819824219,0.0,1.0
2024-01-02,465.2643432617188,0.0,1.0
2024-01-03,461.4646911621094,0.0,1.0
2024-01-04,459.9782409667969,0.0,1.0
2024-01-05,460.6082763671875,0.0,1.0
2024-01-08,467.1838989257813,0.0,1.0
2024-01-09,466.4751281738281,0.0,1.0
2024-01-10,469.11328125,0.0,1.0
2024-01-11,468.9065551757813,0.0,1.0
2024-01-12,469.2313537597656,0.0,1.0
2024-01-16,467.5086975097656,0.0,1.0
2024-01-17,464.9099731445313,0.0,0.0
2024-01-18,469.0443420410156,0.0,0.0
2024-01-19,474.89154052734375,0.0,1.0
2024-01-22,475.8955993652344,0.0,0.0
2024-01-23,477.2835388183594,0.0,1.0
2024-01-24,477.8052978515625,0.0,1.0
2024-01-25,480.404052734375,0.0,1.0
2024-01-26,479.7937622070313,0.0,1.0
2024-01-29,483.5933837890625,0.0,1.0
2024-01-30,483.2193298339844,0.0,1.0
2024-01-31,475.3345031738281,0.0,1.0
2024-02-01,481.5557556152344,0.0,0.0
2024-02-02,486.6252746582031,0.0,0.0
2024-02-05,484.8533630371094,0.0,1.0
2024-02-06,486.2610778808594,0.0,1.0
2024-02-07,490.316650390625,0.0,1.0
2024-02-08,490.533203125,0.0,0.0
2024-02-09,493.36822509765625,0.0,0.0
2024-02-12,493.1516723632813,0.0,1.0
2024-02-13,486.3594665527344,0.0,1.0
2024-02-14,490.77935791015625,0.0,1.0
2024-02-15,494.1655883789063,0.0,0.0
2024-02-16,491.7046203613281,0.0,0.0
2024-02-20,488.9976501464844,0.0,1.0
2024-02-21,489.4406127929688,0.0,0.0
2024-02-22,499.56976318359375,0.0,0.0
2024-02-23,499.9143676757813,0.0,0.0
2024-02-26,498.0833740234375,0.0,1.0
2024-02-27,499.0086364746094,0.0,1.0
2024-02-28,498.3491821289063,0.0,1.0
2024-02-29,500.1407165527344,0.0,1.0
2024-03-01,504.8361511230469,0.0,1.0
2024-03-04,504.2947692871094,0.0,1.0
2024-03-05,499.2547607421875,0.0,1.0
2024-03-06,501.78460693359375,0.0,1.0
2024-03-07,506.76556396484375,0.0,0.0
2024-03-08,503.7238464355469,0.0,1.0
2024-03-11,503.2907409667969,0.0,1.0
2024-03-12,508.7048034667969,0.0,0.0
2024-03-13,507.9073791503906,0.0,1.0
2024-03-14,506.9034118652344,0.0,0.0
2024-03-15,503.4226684570313,0.0,1.0
2024-03-18,506.4145812988281,0.0,1.0
2024-03-19,509.2288513183594,0.0,1.0
2024-03-20,513.9387817382812,0.0,1.0
2024-03-21,515.63720703125,0.0,0.0
2024-03-22,514.65966796875,0.0,0.0
2024-03-25,513.2377319335938,0.0,0.0
2024-03-26,512.289794921875,0.0,0.0
2024-03-27,516.5950317382812,0.0,0.0
2024-03-28,516.4962768554688,0.0,0.0
2024-04-01,515.59765625,0.0,0.0
2024-04-02,512.3195190429688,0.0,0.0
2024-04-03,512.8822631835938,0.0,0.0
2024-04-04,506.6219787597656,0.0,0.0
2024-04-05,511.9146118164063,0.0,0.0
2024-04-08,512.2009887695312,0.0,0.0
2024-04-09,512.79345703125,0.0,0.0
2024-04-10,507.6587524414063,0.0,0.0
2024-04-11,511.4900207519531,0.0,0.0
2024-04-12,504.4298706054688,0.0,0.0
2024-04-15,498.11029052734375,0.0,1.0
2024-04-16,497.2018432617188,0.0,0.0
2024-04-17,494.25927734375,0.0,0.0
2024-04-18,493.24224853515625,0.0,0.0
2024-04-19,488.9370422363281,0.0,0.0
2024-04-22,493.4397583007813,0.0,0.0
2024-04-23,499.2952270507813,1.0,0.0
2024-04-24,499.0582580566406,0.0,0.0
2024-04-25,497.1623229980469,0.0,0.0
2024-04-26,501.8724670410156,0.0,0.0
2024-04-29,503.6498107910156,0.0,1.0
2024-04-30,495.6713562011719,0.0,1.0
2024-05-01,494.0617980957031,0.0,1.0
2024-05-02,498.6830139160156,0.0,1.0
2024-05-03,504.8643493652344,0.0,1.0
2024-05-06,510.0779113769531,0.0,1.0
2024-05-07,510.6407775878906,0.0,1.0
2024-05-08,510.6902160644531,0.0,1.0
2024-05-09,513.6326904296875,0.0,1.0
2024-05-10,514.2943725585938,0.0,1.0
2024-05-13,514.3634643554688,0.0,1.0
2024-05-14,516.7234497070312,0.0,1.0
2024-05-15,523.1220092773438,0.0,0.0
2024-05-16,522.0455932617188,0.0,1.0
2024-05-17,522.7962036132812,0.0,0.0
2024-05-20,523.3984375,0.0,0.0
2024-05-21,524.6820678710938,0.0,0.0
2024-05-22,523.17138671875,0.0,0.0
2024-05-23,519.3499755859375,0.0,1.0
2024-05-24,522.7861938476562,0.0,1.0
2024-05-28,523.151611328125,0.0,1.0
2024-05-29,519.4881591796875,0.0,1.0
2024-05-30,516.0421142578125,0.0,1.0
2024-05-31,520.7422485351562,0.0,1.0
2024-06-03,521.1668701171875,0.0,1.0
2024-06-04,521.7494506835938,0.0,0.0
2024-06-05,527.9505004882812,0.0,1.0
2024-06-06,527.9406127929688,0.0,1.0
2024-06-07,527.298828125,0.0,1.0
2024-06-10,528.927978515625,0.0,1.0
2024-06-11,530.2018432617188,0.0,1.0
2024-06-12,534.556396484375,0.0,1.0
2024-06-13,535.6326904296875,0.0,1.0
2024-06-14,535.9586181640625,0.0,1.0
2024-06-17,540.2243041992188,0.0,1.0
2024-06-18,541.5968017578125,0.0,0.0
2024-06-20,540.1255493164062,0.0,0.0
2024-06-21,539.4014892578125,0.0,0.0
2024-06-24,537.6480102539062,0.0,0.0
2024-06-25,539.7184448242188,0.0,0.0
2024-06-26,540.3920288085938,0.0,0.0
2024-06-27,541.2439575195312,0.0,0.0
2024-06-28,539.1140747070312,0.0,0.0
2024-07-01,540.2236328125,0.0,1.0
2024-07-02,543.8591918945312,0.0,1.0
2024-07-03,546.2862548828125,0.0,0.0
2024-07-05,549.4364013671875,0.0,0.0
2024-07-08,550.0703735351562,0.0,0.0
2024-07-09,550.6053466796875,0.0,0.0
2024-07-10,556.0536499023438,1.0,0.0
2024-07-11,551.2590942382812,0.0,0.0
2024-07-12,554.7361450195312,0.0,0.0
2024-07-15,556.26171875,0.0,0.0
2024-07-16,559.560546875,0.0,0.0
2024-07-17,551.7147827148438,0.0,0.0
2024-07-18,547.4749145507812,1.0,0.0
2024-07-19,543.83935546875,1.0,0.0
2024-07-22,549.4462890625,1.0,0.0
2024-07-23,548.58447265625,1.0,0.0
2024-07-24,536.1521606445312,0.0,0.0
2024-07-25,533.3585815429688,0.0,0.0
2024-07-26,539.33203125,0.0,0.0
2024-07-29,539.6490478515625,0.0,0.0
2024-07-30,536.9149780273438,0.0,0.0
2024-07-31,545.6422729492188,1.0,0.0
2024-08-01,537.9154663085938,0.0,0.0
2024-08-02,527.900390625,0.0,1.0
2024-08-05,512.5259399414062,0.0,1.0
2024-08-06,517.251220703125,0.0,0.0
2024-08-07,513.7939453125,0.0,0.0
2024-08-08,525.6715087890625,0.0,0.0
2024-08-09,527.989501953125,0.0,0.0
2024-08-12,528.266845703125,0.0,0.0
2024-08-13,536.95458984375,0.0,0.0
2024-08-14,538.6485595703125,0.0,1.0
2024-08-15,547.8811645507812,0.0,1.0
2024-08-16,549.1094970703125,0.0,1.0
2024-08-19,554.3597412109375,0.0,0.0
2024-08-20,553.458251953125,0.0,0.0
2024-08-21,555.3602905273438,0.0,1.0
2024-08-22,551.0015258789062,0.0,0.0
2024-08-23,556.8561401367188,0.0,0.0
2024-08-26,555.5286865234375,0.0,0.0
2024-08-27,556.2914428710938,0.0,0.0
2024-08-28,553.06201171875,0.0,0.0
2024-08-29,553.1115112304688,0.0,0.0
2024-08-30,558.3915405273438,0.0,0.0
2024-09-03,546.9004516601562,0.0,1.0
2024-09-04,545.781005859375,0.0,0.0
2024-09-05,544.4535522460938,0.0,0.0
2024-09-06,535.290283203125,0.0,0.0
2024-09-09,541.2835083007812,0.0,0.0
2024-09-10,543.6412353515625,0.0,0.0
2024-09-11,549.2184448242188,0.0,0.0
2024-09-12,553.8446655273438,0.0,0.0
2024-09-13,556.7373046875,0.0,0.0
2024-09-16,557.5594482421875,0.0,1.0
2024-09-17,557.7872924804688,0.0,0.0
2024-09-18,556.1329956054688,0.0,1.0
2024-09-19,565.623046875,0.0,1.0
2024-09-20,564.6453247070312,0.0,0.0
2024-09-23,566.0562744140625,0.0,0.0
2024-09-24,567.6759643554688,0.0,0.0
2024-09-25,566.4239501953125,0.0,1.0
2024-09-26,568.6696166992188,0.0,0.0
2024-09-27,567.8448486328125,0.0,1.0
2024-09-30,570.120361328125,0.0,1.0
2024-10-01,565.0130004882812,0.0,1.0
2024-10-02,565.2514038085938,0.0,1.0
2024-10-03,564.218017578125,0.0,0.0
2024-10-04,569.3453369140625,0.0,1.0
2024-10-07,564.1981201171875,0.0,1.0
2024-10-08,569.5340576171875,0.0,1.0
2024-10-09,573.4789428710938,0.0,1.0
2024-10-10,572.475341796875,0.0,1.0
2024-10-11,575.9034423828125,0.0,1.0
2024-10-14,580.6133422851562,0.0,0.0
2024-10-15,576.1021728515625,0.0,0.0
2024-10-16,578.606201171875,0.0,0.0
2024-10-17,578.6558227539062,0.0,0.0
2024-10-18,580.8816528320312,0.0,0.0
2024-10-21,579.927734375,0.0,0.0
2024-10-22,579.6196899414062,0.0,0.0
2024-10-23,574.323486328125,0.0,0.0
2024-10-24,575.5656127929688,0.0,0.0
2024-10-25,575.3668823242188,0.0,0.0
2024-10-28,577.1455078125,0.0,1.0
2024-10-29,578.07958984375,0.0,1.0
2024-10-30,576.3306884765625,0.0,1.0
2024-10-31,565.0328369140625,0.0,1.0
2024-11-01,567.4176025390625,0.0,1.0
2024-11-04,566.1953735351562,0.0,0.0
2024-11-05,573.041748046875,0.0,1.0
2024-11-06,587.2907104492188,0.0,0.0
2024-11-07,591.831787109375,0.0,0.0
2024-11-08,594.3953857421875,0.0,0.0
2024-11-11,594.9617919921875,0.0,0.0
2024-11-12,593.1135864257812,0.0,0.0
2024-11-13,593.4017333984375,0.0,0.0
2024-11-14,589.5860595703125,0.0,0.0
2024-11-15,582.0343017578125,0.0,0.0
2024-11-18,584.4190673828125,0.0,1.0
2024-11-19,586.555419921875,0.0,1.0
2024-11-20,586.7542114257812,0.0,1.0
2024-11-21,589.904052734375,0.0,1.0
2024-11-22,591.7323608398438,0.0,1.0
2024-11-25,593.7395629882812,0.0,1.0
2024-11-26,596.8397827148438,0.0,1.0
2024-11-27,595.0313110351562,0.0,0.0
2024-11-29,598.7276611328125,0.0,0.0
2024-12-02,599.8008422851562,0.0,1.0
2024-12-03,600.0791015625,0.0,0.0
2024-12-04,603.8052368164062,0.0,0.0
2024-12-05,602.8116455078125,0.0,0.0
2024-12-06,603.954345703125,0.0,0.0
2024-12-09,600.84423828125,0.0,0.0
2024-12-10,598.9761352539062,0.0,0.0
2024-12-11,603.6065673828125,0.0,0.0
2024-12-12,600.4964599609375,0.0,0.0
2024-12-13,600.377197265625,0.0,0.0
2024-12-16,602.9407958984375,0.0,0.0
2024-12-17,600.4566650390625,0.0,0.0
2024-12-18,582.5609741210938,0.0,1.0
2024-12-19,582.382080078125,0.0,1.0
2024-12-20,589.3770751953125,0.0,0.0
2024-12-23,592.9064331054688,1.0,0.0
2024-12-24,599.49658203125,1.0,0.0
2024-12-26,599.5364990234375,0.0,0.0
2024-12-27,593.2254638671875,0.0,0.0
2024-12-30,586.455810546875,0.0,0.0
2024-12-31,584.322265625,0.0,0.0
2025-01-02,582.8865966796875,1.0,0.0
2025-01-03,590.1746215820312,0.0,0.0
2025-01-06,593.5744018554688,0.0,0.0
2025-01-07,586.8646240234375,0.0,1.0
2025-01-08,587.7219848632812,0.0,0.0
2025-01-10,578.7489624023438,0.0,1.0
2025-01-13,579.6463012695312,0.0,1.0
2025-01-14,580.4439086914062,0.0,1.0
2025-01-15,591.002197265625,0.0,0.0
2025-01-16,589.8656005859375,0.0,1.0
2025-01-17,595.7877807617188,0.0,1.0
2025-01-21,601.2413330078125,0.0,1.0
2025-01-22,604.6211547851562,0.0,0.0
2025-01-23,607.9212646484375,0.0,0.0
2025-01-24,606.1465454101562,0.0,0.0
2025-01-27,597.5723876953125,0.0,1.0
2025-01-28,602.7069702148438,0.0,1.0
2025-01-29,600.0050659179688,0.0,0.0
2025-01-30,603.225341796875,0.0,0.0
2025-01-31,600.0150146484375,0.0,1.0
2025-02-03,595.9771728515625,0.0,0.0
2025-02-04,599.9751586914062,0.0,0.0
2025-02-05,602.4077758789062,0.0,1.0
2025-02-06,604.5015258789062,0.0,1.0
2025-02-07,598.9682006835938,0.0,0.0
2025-02-10,603.035888671875,0.0,1.0
2025-02-11,603.4945678710938,0.0,0.0
2025-02-12,601.5504150390625,0.0,0.0
2025-02-13,607.9013061523438,0.0,0.0
2025-02-14,607.8713989257812,0.0,0.0
2025-02-18,609.656005859375,0.0,0.0
2025-02-19,611.0916748046875,0.0,0.0
2025-02-20,608.5493774414062,0.0,0.0
2025-02-21,598.1406860351562,0.0,0.0
2025-02-24,595.4188842773438,0.0,0.0
2025-02-25,592.457763671875,0.0,0.0
2025-02-26,592.7568359375,0.0,0.0
2025-02-27,583.2952880859375,0.0,0.0
2025-02-28,592.39794921875,0.0,0.0
2025-03-03,582.0191650390625,0.0,0.0
2025-03-04,575.1298828125,0.0,0.0
2025-03-05,581.311279296875,1.0,0.0
2025-03-06,570.9923706054688,1.0,0.0
2025-03-07,574.1926879882812,1.0,0.0
2025-03-10,558.8987426757812,0.0,1.0
2025-03-11,554.252685546875,0.0,1.0
2025-03-12,557.19384765625,0.0,0.0
2025-03-13,549.7661743164062,0.0,1.0
2025-03-14,561.1220092773438,0.0,0.0
2025-03-17,565.4490356445312,0.0,0.0
2025-03-18,559.33740234375,0.0,1.0
2025-03-19,565.4290771484375,0.0,0.0
2025-03-20,563.7940063476562,0.0,0.0
2025-03-21,563.97998046875,0.0,0.0
2025-03-24,574.0800170898438,1.0,0.0
2025-03-25,575.4600219726562,1.0,0.0
2025-03-26,568.5900268554688,1.0,0.0
2025-03-27,567.0800170898438,1.0,0.0
2025-03-28,555.6599731445312,0.0,0.0
2025-03-31,559.3900146484375,1.0,0.0
2025-04-01,560.969970703125,0.0,0.0
2025-04-02,564.52001953125,1.0,0.0
2025-04-03,536.7000122070312,0.0,1.0
2025-04-04,505.2799987792969,0.0,1.0
2025-04-07,504.3800048828125,0.0,1.0
2025-04-08,496.4800109863281,0.0,1.0
2025-04-09,548.6199951171875,1.0,0.0
2025-04-10,524.5800170898438,0.0,1.0
2025-04-11,533.9400024414062,0.0,1.0
2025-04-14,539.1199951171875,0.0,0.0
2025-04-15,537.6099853515625,0.0,1.0
2025-04-16,525.6599731445312,0.0,1.0
2025-04-17,526.4099731445312,0.0,1.0
2025-04-21,513.8800048828125,0.0,1.0
2025-04-22,527.25,0.0,1.0
2025-04-23,535.4199829101562,0.0,0.0
2025-04-24,546.6900024414062,0.0,0.0
2025-04-25,550.6400146484375,0.0,0.0
2025-04-28,550.8499755859375,0.0,1.0
2025-04-29,554.3200073242188,0.0,1.0
2025-04-30,554.5399780273438,0.0,1.0
